Week no.,WK14,,,3,4,5,8,,10,,12,,14,,16,,18,,20,20,35,36,37,,,,,,,,,,,,,Contribution Report,,,,,,,,CASES ORDERED,,,,,,,,,,,
Customer code,Product Code,Plans Index Code,Product Description,Customer,USE BY:,,Saturday,,Sunday,,Monday,,Tuesday,,Wednesday,,Thursday,,Friday,,,,,,,,,ORDER CROSS-CHECK,,,,,,,,,,,FRIDGE SHEETS UP-TO-DATE?,,,,,,Saturday,Sunday,Monday,Tuesday,Wednesday,Thursday,Friday,,,,
,,,,,,,25/12/21,,26/12/21,,27/12/21,,28/12/21,,29/12/21,,30/12/21,,31/12/21,,,,,LAST WEEK ACTUAL,W/E ACTUAL TOTAL ,Steve D. F/C,Total Cases,25/12/21,26/12/21,27/12/21,28/12/21,29/12/21,30/12/21,31/12/21,,31/12/2021,,,FRI D,FRI N,FRI THU,FRI FRI,,Case Size,25/12/21,26/12/21,27/12/21,28/12/21,29/12/21,30/12/21,31/12/21,Total,,,
0,,,,,,,Units,,Units,,Units,,Units,,Units,,Units,,Units,,,,,,,,,,,,,,,,,,,,,,,,,,,,,,,,,,,,
,1,2,3,4,5,6,7,8,9,10,11,12,13,14,15,16,17,18,19,20,21,22,23,24,25,26,27,28,29,30,31,32,33,34,35,36,37,38,39,40,41,42,43,44,45,46,47,48,49,50,51,52,53,,
0,,,,,,,F/C,Actual,F/C,Actual,F/C,Actual,F/C,Actual,F/C,Actual,F/C,Actual,F/C,Actual,,,,,,,,,,,,,,,,,,,,,,,,,,,,,,,,,,,
MAIN,24-Mar,,,,,,,,,,,,,,,,,,,,,,,,,,,,,,,,,,,,,,,,,,,,,,,,,,,,,,
,ASDA,,,,,,,,,,,,,,,,,,,,,,,,,,,,,,,,,,,,,,,,,,,,,,,,,,,,,,
,,,,,,,,#N/A,,,,,,,,,,,,,,,,,,,,,,,,,,,,,,,,,,,,,,,,,,,,,,,
,,,,,,,,,,,,,,,,,,,,,,,,,,0,,,,,,,,,,,,,,,,,,,,,,,,,,,,,
9518832,20371,Asda,AS Chicken Fajita Triple Wrap x4,Asda,P+3,Wrap,0,0,0,0,2184,2192,2320,2320,2456,2456,2320,2320,0,0,,,,20664,9288,7185,2322,0,0,2192,2320,2456,2320,0,,0,,,,,,,,4,0,0,548,580,614,580,0,2322,OK,,20371
50193482,22592,Asda,AS Chicken & Bacon Skillet x 8,Asda,P+3,Skillet,0,0,0,0,6768,7608,7192,7192,7616,7616,7192,7368,0,0,,,,47456,29784,14302,3723,0,0,7608,7192,7616,7368,0,,0,,,,,MISSING,MISSING,,8,0,0,951,899,952,921,0,3723,OK,,22592
50243954,22708,Asda,AS Chicken Bacon Caesar Triple Wrap x 8,Asda,P+3,Wrap,0,0,0,0,5816,6440,6192,6192,6552,6552,6192,6256,0,0,,,,43880,25440,16445,3180,0,0,6440,6192,6552,6256,0,,0,,,,,MISSING,MISSING,,8,0,0,805,774,819,782,0,3180,OK,,22708
50535479,23870,Asda,AS Chicken Fajita Wrap x4,Asda,P+3,Wrap,0,0,0,0,1616,1624,1716,1716,1820,1820,1716,1716,0,0,,,,0,6876,4315,1719,0,0,1624,1716,1820,1716,0,,0,,,,,MISSING,MISSING,,4,0,0,406,429,455,429,0,1719,OK,,23870
50535476,23871,Asda,AS Chicken Bacon Caesar Wrap x 6,Asda,P+3,Wrap,0,0,0,0,5094,5562,5412,5412,5736,5736,5412,5448,0,0,,,,37932,22158,16945,3693,0,0,5562,5412,5736,5448,0,,0,,,,,MISSING,MISSING,,6,0,0,927,902,956,908,0,3693,OK,,23871
50779457,24806,Asda Café,ASC Tuna Melt Panini x4,Asda,P+7,Alternative,0,0,0,0,,0,868,1076,868,964,868,1196,0,0,,,,3396,3236,1564,809,0,0,0,1076,964,1196,0,,0,,,,,MISSING,MISSING,,4,0,0,0,269,241,299,0,809,OK,,#N/A
50779460,24809,Asda Café,ASC Cheese & Tomato Toastie x4,Asda,P+7,Alternative,0,0,0,0,,,,,,,,,0,0,,,,3716,0,0,0,0,0,0,0,0,0,0,,0,,,,,MISSING,MISSING,,4,0,0,0,0,0,0,0,0,OK,,#N/A
50779461,24810,Asda Café,ASC Ham & Cheese Toastie x4,Asda,P+7,Alternative,0,0,0,0,0,0,868,1172,868,964,868,1272,0,0,,,,2872,3408,1984,852,0,0,0,1172,964,1272,0,,0,,,,,MISSING,MISSING,,4,0,0,0,293,241,318,0,852,OK,,#N/A
50779462,24811,Asda Café,ASC ADB Topped Toastie x4,Asda,P+7,Alternative,0,0,0,0,,,,,,,,,0,0,,,,1736,0,0,0,0,0,0,0,0,0,0,,0,,,,,MISSING,MISSING,,4,0,0,0,0,0,0,0,0,OK,,#N/A
50773032,24821,Asda Café,ASC Cheeseboard Toastie,Asda,P+7,Alternative,0,0,0,0,,0,868,1004,868,916,868,1020,0,0,,,,1684,2940,1170,735,0,0,0,1004,916,1020,0,,0,,,,,MISSING,MISSING,,4,0,0,0,251,229,255,0,735,OK,,#N/A
50027363,26311,Asda Café,ASC Turkey Feast Toastie,Asda,P+7,Alternative,0,0,0,0,,0,,,,,,,0,0,,,,1684,0,1170,0,0,0,0,0,0,0,0,,0,,,,,MISSING,MISSING,,4,0,0,0,0,0,0,0,0,OK,,#N/A
,M11934,Asda,AS TOASTIES (CHEESE & BECHAMEL),Asda,,,,,,,,0,,1004,,916,,1020,0,0,,,,,,,,,,,,,,,,,,,MISSING,MISSING,MISSING,MISSING,,,,,,,,,,,,,
,M11393,Asda,AS TOASTIES (CHEESE & MUSTARD),Asda,,,,,,,,0,,1406,,1157,,1526,0,0,,,,,,,,,,,,,,,,,,,MISSING,MISSING,MISSING,MISSING,,,,,,,,,,,,,
,M11394,Asda,AS TOASTIES (BEANS & CHEESE),Asda,,,,,,,,0,,0,,0,,0,0,0,,,,,,,,,,,,,,,,,,,MISSING,MISSING,MISSING,MISSING,,,,,,,,,,,,,
,M11395,Asda,AS TOASTIES ( CHEESE & TOAMATO),Asda,,,,,,, ,0,,0,,0,,0,0,0,,,,,,,,,,,,,,,,,,,MISSING,MISSING,MISSING,MISSING,,,,,,,,,,,,,
,,,,,,,,9.00%,,18.00%,,17.00%,,18.00%,,16.00%,,14.00%,,8.00%,,,,,,,,,,,,,,,,,,,,,,,,,,,,,,,,,,,
,,,,,,,,,,,,,,,,,,,,,,,,,,,,,,,,,,,,,,,,,,,,,,,,,,,,,,,
,COOP,,Totals ASDA,,,,0,0,0,0,23214,26678,24568,25676,25916,27668,22832,23108,0,0,0,0,0,165020,103130,65080,17033,0,0,23426,26084,27024,25576,0,0,0,,,,,,,,,,,,,,,,,,,
,,,,,,,,,1.05,#N/A,,,,,,,,,,,,,,,,,,,,,,,,,,,,,,,,,,,,,,,,,,,,,
,,,,,,,,,,0.180,,0.190,,0.140,,0.130,,0.160,,0.200,,,,,,,,,,,,,,,,,,,,,,,,,,,,,,,,,,,
,,,,,,,,,,0.000,,0.000,,0.000,,0.000,,0.000,,0.000,,,,,,,,,,,,,,,,,,,,,,,,,,,,,,,,,,,
6250,19488,Co-op,Co-op Chicken & Bacon Caesar Wrap,Co-op,P+4,wrap,,,0,0,4680,4683,8566,6500,8796,5849,16264,8757,,0,,,,0,25789,30010,25789,0,0,4683,6500,5849,8757,0,,0,,,,,,MISSING,,1,0,0,4683,6500,5849,8757,0,25789,OK,,19488
6250,19488P,Co-op,PULL FW Co-op Chicken & Bacon Caesar Wrap ,Co-op,P+4,wrap,,,,,,,,,,,,,,,,,,0,0,0,0,0,0,0,0,0,0,0,,0,,,,,MISSING,MISSING,,1,0,0,0,0,0,0,0,0,OK,,#N/A
6251,19489,Co-op,Co-op Aromatic Duck Wrap,Co-op,P+3,wrap,,,0,0,0,0,0,0,,0,,0,,0,,,,24618,0,8606,0,0,0,0,0,0,0,0,,0,,,,,,MISSING,,1,0,0,0,0,0,0,0,0,OK,,19489
6252,19490,Co-op,Co-op Southern Fried Chicken Wrap,Co-op,P+3,wrap,,,0,0,0,,4985,7454,4985,4967,10857,4388,,0,,,,5820,16809,20222,16809,0,0,0,7454,4967,4388,0,,0,,,,,MISSING,MISSING,,1,0,0,0,7454,4967,4388,0,16809,OK,,19490
6252,19490P,Co-op,PULL FORWARD Co-op Southern Fried Chicken Wrap,Co-op,P+3,wrap,,,,,,,,,,3360,,,,,,,,28123,3360,0,3360,0,0,0,0,3360,0,0,,0,,,,,MISSING,MISSING,,1,0,0,0,0,3360,0,0,3360,OK,,#N/A
6253,19491,Co-op,Co-op Falafel Wrap,Co-op,P+4,wrap,,,0,0,,,1379,2090,1379,1459,3605,1209,,0,,,,14745,4758,5515,4758,0,0,0,2090,1459,1209,0,,0,,,,,MISSING,MISSING,,1,0,0,0,2090,1459,1209,0,4758,OK,,19491
6253,19491P,Co-op,PULL FORWARD Co-op Falafel Wrap,Co-op,P+4,wrap,,,,,,,,,,1304,,,,,,,,0,1304,0,1304,0,0,0,0,1304,0,0,,0,,,,,MISSING,MISSING,,1,0,0,0,0,1304,0,0,1304,OK,,#N/A
6747,27443,Co-op,COOP HAM & CHEESE SUB ROLL,Co-op,P+3,Alternative,,,0,0,0,,5590,5181,5590,4062,8957,7683,,0,,,,44900,16926,22359,16926,0,0,0,5181,4062,7683,0,,0,,,,,MISSING,MISSING,,1,0,0,0,5181,4062,7683,0,16926,OK,,#N/A
6748,27445,Co-op,COOP TUNA CRUNCH SUB ROLL,Co-op,P+3,Alternative,,,0,0,0,,5756,2957,5756,2097,5020,4251,,0,,,,22307,9305,23025,9305,0,0,0,2957,2097,4251,0,,0,,,,,MISSING,MISSING,,1,0,0,0,2957,2097,4251,0,9305,OK,,#N/A
4458,17104,Co-op,Co-op Southern Fried Chicken Wrap x4,Co-op,P+4,wrap,,,0,0,,,300,724,300,636,360,1044,,0,,,,1180,2404,1200,601,0,0,0,724,636,1044,0,,0,,,,,MISSING,MISSING,,4,0,0,0,181,159,261,0,601,OK,,17104
4448,17105,Co-op,Co-op Chicken & Bacon Caesar Wrap x4,Co-op,P+3,wrap,,,0,0,240,424,301,988,301,852,361,1040,,0,,,,0,3304,1202,826,0,0,424,988,852,1040,0,,0,,,,,MISSING,MISSING,,4,0,0,106,247,213,260,0,826,OK,,17105
4413,19743,Co-op,Co-op Falafel Wrap x 4,Co-op,P+3,wrap,,,0,0,0,,79,276,79,180,95,320,,0,,,,544,776,315,194,0,0,0,276,180,320,0,,0,,,,,MISSING,MISSING,,4,0,0,0,69,45,80,0,194,OK,,19743
4447,19783,Co-op,Co-op Aromatic Duck Wrap x4,Co-op,P+3,wrap,,,0,0,0,,0,0,,0,,0,,0,,,,928,0,496,0,0,0,0,0,0,0,0,,0,,,,,MISSING,MISSING,,4,0,0,0,0,0,0,0,0,OK,,19783
,27444,Co-op,COOP HAM & CHEESE SUB ROLL x 4,Co-op,P+3,wrap,,,0,0,0,,27,20,27,36,32,36,0,0,,,,260,92,107,23,0,0,0,20,36,36,0,,0,,,,,MISSING,MISSING,,4,0,0,0,5,9,9,0,23,OK,,#N/A
,27446,Co-op,COOP TUNA CRUNCH SUB ROLL x 4,Co-op,P+3,Alternative,,,0,0,0,,19,16,19,20,23,36,0,0,,,,96,72,77,72,0,0,0,16,20,36,0,,0,,,,,MISSING,MISSING,,1,0,0,0,16,20,36,0,72,OK,,#N/A
,17791,Co-op,COOP TI NEW YORK DELI GRAB BAG x4,Co-op,P+3,wrap,,,,,,,,,,,,,,,,,,0,0,0,0,0,0,0,0,0,0,0,,0,,,,,MISSING,MISSING,,4,0,0,0,0,0,0,0,0,OK,,#N/A
,20161,Co-op,COOP HAM & MUSTARD x4,Co-op,P+4,wrap,,,,,,,,,,,,,,,,,,0,0,0,0,0,0,0,0,0,0,0,,0,,,,,MISSING,MISSING,,4,0,0,0,0,0,0,0,0,OK,,20161
6390,22341,Co-op,CO-OP HAM & CHEESE PANINI,Co-op,P+3,Alternative,,,,,,,,,,,,,,,,,,0,0,0,0,0,0,0,0,0,0,0,,0,,,,,MISSING,MISSING,,1,0,0,0,0,0,0,0,0,OK,,#N/A
6393,22844,Co-op,CO-OP All Day Breakfast Hot Wrap,Co-op,P+2,Alternative,,,,,,,,,,,,,,,,,,0,0,0,0,0,0,0,0,0,0,0,,0,,,,,MISSING,MISSING,,1,0,0,0,0,0,0,0,0,OK,,22844
6338,25007,Co-op,Co-op Sausage & Egg Breakfast Muffin,Co-op,P+3,Alternative,,,,,,,,,,,,,,,,,,0,0,0,0,0,0,0,0,0,0,0,,0,,,,,MISSING,MISSING,,1,0,0,0,0,0,0,0,0,OK,,#N/A
,19463,Co-op,COOP HAM & CHEESE,Co-op,P+3,Alternative,,,,,,,,,,,,,,,,,,0,0,#N/A,0,0,0,0,0,0,0,0,,0,,,MISSING,MISSING,MISSING,MISSING,,1,0,0,0,0,0,0,0,0,OK,,19463
6402,19506,Co-op,COOP TI NEW YORK DELI GRAB BAG,Co-op,P+3,Alternative,,,,,,,,,,,,,,,,,,0,0,0,0,0,0,0,0,0,0,0,,0,,,,,MISSING,MISSING,,1,0,0,0,0,0,0,0,0,OK,,#N/A
6058,20130,Co-op,COOP HAM & MUSTARD,Co-op,P+4,Alternative,,,,,,,,,,,,,,,,,,0,0,0,0,0,0,0,0,0,0,0,,0,,,MISSING,,MISSING,MISSING,,1,0,0,0,0,0,0,0,0,OK,,20130
,20130P,Co-op,PULL FORWARD COOP HAM & MUSTARD,Co-op,P+4,Alternative,,,,,,,,,,,,,,,,,,0,0,0,0,0,0,0,0,0,0,0,,0,,,,,MISSING,MISSING,,1,0,0,0,0,0,0,0,0,OK,,#N/A
,,,,,,,,,,,,,,,,,,,,,,,,,,,,,,,,,,,,,,,,,,,,,,,,,,,,,,,
,,,,,,,,,,0.18,,0.18,,0.16,,0.15,,0.16,,0.17,,,,,-58622,,,,,,,,,,,,,,,,,,,,,,,,,,,,,,
,MORRISONS,,Totals COOP,,,,0,0,0,0,4920,5107,27001,26206,27231,24822,45573,28764,0,0,0,0,0,143521,84899,112950,79967,0,0,5107,26206,24822,28764,0,0,0,,,,,,,,,,,,,,,,,,,
,,,,,,,0%,#N/A,0%,,19%,,38%,,22%,,21%,,0%,,,,,,,,,,,,,,,,,,,,,,,,,,,,,,,,,,,,
4542167,27801,Morrisons,WM Southern Fried Chicken Wrap x8,Morrisons,P+3,Alternative,0,0,0,0,,0,,0,0,0,0,0,,0,,,,0,0,18826,0,0,0,0,0,0,0,0,,0,,,,,MISSING,MISSING,,8,0,0,0,0,0,0,0,0,OK,,#N/A
4547196,18258,Morrisons,WM Aromatic Duck Wrap x4,Morrisons,P+3,Alternative,0,0,0,0,,0,,0,,0,,0,,0,,,,20572,0,8436,0,0,0,0,0,0,0,0,,0,,,,,,,,4,0,0,0,0,0,0,0,0,OK,,#N/A
4542173,27806,Morrisons,WM Chicken & Bacon Caesar Wrap x12,Morrisons,P+3,Alternative,0,0,0,0,8246,8256,16081,16080,9208,9204,9157,9156,,0,,,,78588,42696,24171,3558,0,0,8256,16080,9204,9156,0,,0,,,,,MISSING,MISSING,,12,0,0,688,1340,767,763,0,3558,OK,,#N/A
4542164,27807,Morrisons,WM Sweet Chilli Chicken Wrap x6,Morrisons,P+3,Alternative,0,,0,,,,,,,,,,,,,,,0,0,10976,0,0,0,0,0,0,0,0,,0,,,,,MISSING,MISSING,,6,0,0,0,0,0,0,0,0,OK,,#N/A
4540498,23988,Morrisons,WM Falafel & Spiced Houmous Wrap x4,Morrisons,P+3,Alternative,0,0,0,0,2644,2648,3746,3748,2205,2200,2041,2040,,0,,,,14064,10636,6052,2659,0,0,2648,3748,2200,2040,0,,0,,,,,MISSING,MISSING,,4,0,0,662,937,550,510,0,2659,OK,,#N/A
4540498,24993,Morrisons,WM Mexican Style 3 Bean Wrap x4,Morrisons,P+3,Alternative,0,0,0,0,0,0,0,0,0,0,0,0,,0,,,,11004,0,4459,0,0,0,0,0,0,0,0,,0,,,,,MISSING,MISSING,,4,0,0,0,0,0,0,0,0,OK,,#N/A
,26156,Morrisons,WM Counted Med Tuna Wrap,Morrisons,P+3,Alternative,0,0,0,0,0,0,0,0,0,0,0,0,,0,,,,10040,0,0,0,0,0,0,0,0,0,0,,0,,,,,MISSING,MISSING,,4,0,0,0,0,0,0,0,0,OK,,#N/A
4540491,27436,Morrisons,WM Greek Chicken Wrap,Morrisons,P+3,Alternative,0,0,0,0,0,0,0,0,0,0,0,0,,0,,,,10820,0,3976,0,0,0,0,0,0,0,0,,0,,,,,MISSING,MISSING,,4,0,0,0,0,0,0,0,0,OK,,#N/A
4540492,27437,Morrisons,WM Korean Beef Wrap,Morrisons,P+2,Alternative,0,0,0,0,0,0,0,0,0,0,0,0,,0,,,,18200,0,6684,0,0,0,0,0,0,0,0,,0,,,,,MISSING,MISSING,,4,0,0,0,0,0,0,0,0,OK,,#N/A
4542180,28002,Morrisons,WMM Cheeseboard Skillet,Morrisons,P+3,Alternative,0,0,0,0,0,0,0,0,0,0,0,0,,0,,,,0,0,0,0,0,0,0,0,0,0,0,,0,,,,,MISSING,MISSING,,4,0,0,0,0,0,0,0,0,OK,,#N/A
4542181,28003,Morrisons,WMM Turkey Curry Wrap,Morrisons,P+3,Alternative,0,0,0,0,0,0,0,0,0,0,0,0,,0,,,,0,0,0,0,0,0,0,0,0,0,0,,0,,,,,MISSING,MISSING,,4,0,0,0,0,0,0,0,0,OK,,#N/A
4542182,28004,Morrisons,WMM Vegan Feast Skillet,Morrisons,P+3,Skillet,0,0,0,0,0,0,0,0,0,0,0,0,,0,,,,0,0,0,0,0,0,0,0,0,0,0,,0,,,,,MISSING,MISSING,,4,0,0,0,0,0,0,0,0,OK,,#N/A
4542183,28005,Morrisons,WMM Pigs Under Blankets Skillet,Morrisons,P+3,Skillet,0,0,0,0,0,0,0,0,0,0,0,0,,0,,,,0,0,0,0,0,0,0,0,0,0,0,,0,,,,,MISSING,MISSING,,4,0,0,0,0,0,0,0,0,OK,,#N/A
4542184,28006,Morrisons,WMM Turkey Lunch Wedge Skillet,Morrisons,P+3,Skillet,0,0,0,0,0,0,0,0,0,0,0,0,,0,,,,0,0,0,0,0,0,0,0,0,0,0,,0,,,,,MISSING,MISSING,,4,0,0,0,0,0,0,0,0,OK,,#N/A
1855,21612,Morrisons PFS,WM DTS Southern Fried Chicken Wrap,Morrisons PFS,P+3,Alternative,0,,0,0,,,,,,,,,,,,,,0,0,0,0,0,0,0,0,0,0,0,,0,,,,,,MISSING,,1,0,0,0,0,0,0,0,0,OK,,#N/A
1780,22865,Morrisons PFS,WM DTS Chicken & Bacon Caesar Wrap ,Morrisons PFS,P+3,Alternative,0,0,0,0,3476,4717,3384,3322,3437,3363,3229,3164,,0,,,,26927,14566,15207,14566,0,0,4717,3322,3363,3164,0,,0,,,,,MISSING,MISSING,,1,0,0,4717,3322,3363,3164,0,14566,OK,,#N/A
1770,24342,Morrisons PFS,WM DTS Sweet Chilli Chicken Wrap,Morrisons,,Alternative,0,,0,0,,,,,,,,,,,,,,0,0,0,0,0,0,0,0,0,0,0,,0,,,,,MISSING,MISSING,,4,0,0,0,0,0,0,0,0,OK,,#N/A
,28136,Morrisons PFS,WMM DTS Pigs Under Blankets Skillet,Morrisons PFS,P+3,Alternative,0,0,0,0,0,0,0,0,0,0,,0,,0,,,,#N/A,0,0,0,0,0,0,0,0,0,0,,0,,,,,MISSING,MISSING,,1,0,0,0,0,0,0,0,0,OK,,#N/A
,28137,Morrisons PFS,WMM DTS Cheeseboard Skillet,Morrisons PFS,P+3,Alternative,0,0,0,0,0,0,0,0,0,0,,0,,0,,,,#N/A,0,0,0,0,0,0,0,0,0,0,,0,,,,,MISSING,MISSING,,1,0,0,0,0,0,0,0,0,OK,,#N/A
,28138,Morrisons PFS,WMM DTS Turkey Lunch Wedge Skillet,Morrisons,,Alternative,0,0,0,0,0,0,0,0,0,0,,0,,0,,,,#N/A,0,0,0,0,0,0,0,0,0,0,,0,,,,,MISSING,MISSING,,4,0,0,0,0,0,0,0,0,OK,,#N/A
4549979,22864,Morrisons,WM 16 PIECE WRAP PLATTER x 1,Morrisons,P+3,,0,0,0,0,31,31,14,14,14,14,183,183,,0,,,,2424,242,2694,242,0,0,31,14,14,183,0,,0,,,,,MISSING,MISSING,,1,0,0,31,14,14,183,0,242,OK,,#N/A
4548306,24886,Morrisons,WM Vegetarian Sandwich Platter,Morrisons,P+2,Alternative,0,0,0,0,9,9,7,7,10,10,68,95,,0,,,,1404,121,2129,121,0,0,9,7,10,95,0,,0,,,,,MISSING,MISSING,,1,0,0,9,7,10,95,0,121,OK,,#N/A
4548303,24887,Morrisons,WM Meat Sandwich Platter,Morrisons,P+2,Alternative,0,0,0,0,30,30,18,18,14,14,152,152,,0,,,,2811,214,2074,214,0,0,30,18,14,152,0,,0,,,,,MISSING,MISSING,,1,0,0,30,18,14,152,0,214,OK,,#N/A
4549090,24890,Morrisons,WM Classic Sandwich Platter ,Morrisons,P+2,Alternative,0,0,0,0,44,44,18,18,19,19,233,233,,0,,,,5402,314,5643,314,0,0,44,18,19,233,0,,0,,,,,MISSING,MISSING,,1,0,0,44,18,19,233,0,314,OK,,#N/A
4548302,24891,Morrisons,WM Party Classic Sandwich Platter ,Morrisons,P+2,Alternative,,,,,,,,,,,,,,,,,,0,0,0,0,0,0,0,0,0,0,0,,0,,,,,MISSING,MISSING,,1,0,0,0,0,0,0,0,0,OK,,#N/A
4548305,24888,Morrisons,WM Vegetarian Wraps Platter,Morrisons,P+2,Alternative,,,,,,,,,,,,,,,,,,0,0,0,0,0,0,0,0,0,0,0,,0,,,,,MISSING,MISSING,,1,0,0,0,0,0,0,0,0,OK,,#N/A
4548301,24889,Morrisons,WM The Best Sandwich Platter,Morrisons,P+2,Alternative,,,,,,,,,,,,,,,,,,0,0,0,0,0,0,0,0,0,0,0,,0,,,,,MISSING,MISSING,,1,0,0,0,0,0,0,0,0,OK,,#N/A
4540434,18257,Morrisons,WM Southern Fried Chicken Wrap x4,Morrisons,P+3,Alternative,,,,,,,,,,,,,,,,,,0,0,0,0,0,0,0,0,0,0,0,,0,,,MISSING,MISSING,,,,4,0,0,0,0,0,0,0,0,OK,,#N/A
4540433,19799,Morrisons,WM Chicken Fajita Wrap x4,Morrisons,P+3,Alternative,,,,,,,,,,,,,,,,,,0,0,0,0,0,0,0,0,0,0,0,,0,,,,,,,,4,0,0,0,0,0,0,0,0,OK,,#N/A
4540448,20119,Morrisons,WM Chicken & Bacon Caesar Wrap x4,Morrisons,P+3,Alternative,,,,,,,,,,,,,,,,,,0,0,0,0,0,0,0,0,0,0,0,,0,,,MISSING,MISSING,,,,4,0,0,0,0,0,0,0,0,OK,,#N/A
,21855,Morrisons,WM Sweet Chilli Chicken Wrap x4,Morrisons,P+3,Alternative,,,,,,,,,,,,,,,,,,0,0,0,0,0,0,0,0,0,0,0,,0,,,MISSING,MISSING,,,,4,0,0,0,0,0,0,0,0,OK,,#N/A
,,,,,,,,14.47%,,5.66%,,4.04%,,8.63%,,9.31%,,15.16%,,42.73%,,,,,#N/A,,,,,,,,,,,,,,,,,,,,,,,,,,,,,,
,MORRISONS CAFÉ,,Totals MORRISONS,,,,0,0,0,0,14480,15735,23268,23207,14907,14824,15063,15023,0,0,0,0,0,#N/A,68789,111327,21674,0,0,15735,23207,14824,15023,0,0,0,,,,,,,,,,,,,,,,,,,
,,,,,,,,20%,,5%,,5%,,6%,,6%,,14%,,43%,,,,,,,,,,,,,,,,,,,,,,,,,,,,,,,,,,,
,23768,Morrisons Café,MRS Egg & Cress Crisps Pack x 2 ,Morrisons Café,P+4,Alternative,,,,,,,,,,,,,,,,,,0,0,0,0,0,0,0,0,0,0,0,,0,,,,,MISSING,MISSING,,2,0,0,0,0,0,0,0,0,OK,,23768
,23770,Morrisons Café,MRS Just Ham Crisps Pack x 2,Morrisons Café,P+4,Alternative,,,,,,,,,,,,,,,,,,0,0,0,0,0,0,0,0,0,0,0,,0,,,,,MISSING,MISSING,,2,0,0,0,0,0,0,0,0,OK,,23770
,23773,Morrisons Café,MRS Salmon & Cucumber Crisps Pack x 2,Morrisons Café,P+4,Alternative,,,,,,,,,,,,,,,,,,0,0,0,0,0,0,0,0,0,0,0,,0,,,,,MISSING,MISSING,,2,0,0,0,0,0,0,0,0,OK,,23773
,,,,,,,,9%,0.18,18%,,15%,,19%,,14%,,16%,,9%,,,,,,,,,,,,,,,,,,,,,,,,,,,,,,,,,,,
,SAINSBURY'S,,Totals MORRISONS CAFÉ,,,,0,0,0,0,0,0,0,0,0,0,0,0,0,0,0,0,0,0,0,0,0,0,0,0,0,0,0,0,0,0,,,,,,,,,,,,,,,,,,,
TEST,,,,,,,3%,,5%,,5%,,5%,,5%,,5%,,5%,,,,,,,,,,,,,,,,,,,,,,,,,,,,,,,,,,,,
7799572,21914,Sainsbury's,JS Seafood Cocktail Skillet x 4,Sainsbury's,P+3,Skillet,0,0,0,0,0,,1534,2236,1016,752,807,760,599,956,,,,13620,4704,6402,1176,0,0,0,2236,752,760,956,,956,,,,,MISSING,MISSING,,4,0,0,0,559,188,190,239,1176,OK,,21914
7797696,21936,Sainsbury's,JS BGTY Tuna & Cucumber Skillet x 4,Sainsbury's,P+2,Skillet,0,0,0,0,0,,1600,1948,1060,728,842,1128,625,724,,,,13300,4528,6148,1132,0,0,0,1948,728,1128,724,,724,,,,,MISSING,MISSING,,4,0,0,0,487,182,282,181,1132,OK,,21936
7798199,21970,Sainsbury's,JS New Yorker Grab Bag,Sainsbury's,P+3,Alternative,0,0,0,0,0,,0,,0,,0,,0,,,,,5436,0,4760,0,0,0,0,0,0,0,0,,0,,,,,MISSING,MISSING,,4,0,0,0,0,0,0,0,0,OK,,21970
7799556,21951,Sainsbury's,"JS Chicken, Bacon & Caesar Wrap x 4",Sainsbury's,P+3,wrap,0,0,0,0,8214,9736,9542,6396,6322,5712,5022,5728,3727,4052,,,,72192,31624,36243,7906,0,0,9736,6396,5712,5728,4052,,4052,,,,,MISSING,MISSING,,4,0,0,2434,1599,1428,1432,1013,7906,OK,,21951
7799565,21952,Sainsbury's,JS Duck & Hoisin Wrap x 4,Sainsbury's,P+2,wrap,0,0,0,0,0,,4931,5856,3267,2292,2595,3024,1926,2004,,,,39860,13176,18295,3294,0,0,0,5856,2292,3024,2004,,2004,,,,,MISSING,MISSING,,4,0,0,0,1464,573,756,501,3294,OK,,21952
7798446,21953,Sainsbury's,JS Southern Fried Chicken Wrap x4,Sainsbury's,P+2,wrap,0,0,0,0,0,,9196,9788,6093,5648,4839,4200,3591,4192,,,,77784,23828,37140,5957,0,0,0,9788,5648,4200,4192,,4192,,,,,MISSING,MISSING,,4,0,0,0,2447,1412,1050,1048,5957,OK,,21953
7798442,21954,Sainsbury's,JS Falafel & Houmous Wrap x 4,Sainsbury's,P+2,wrap,0,0,0,0,0,,2976,4280,1972,768,3496,1564,1162,684,,,,24772,7296,11853,1824,0,0,0,4280,768,1564,684,,684,,,,,MISSING,MISSING,,4,0,0,0,1070,192,391,171,1824,OK,,21954
7798436,21955,Sainsbury's,"JS Mozzarella, Tomato and Pesto Wrap x 4",Sainsbury's,P+2,wrap,0,0,0,0,3861,5344,4485,2692,2971,2464,2360,2984,1751,2092,,,,36284,15576,16144,3894,0,0,5344,2692,2464,2984,2092,,2092,,,,,MISSING,MISSING,,4,0,0,1336,673,616,746,523,3894,OK,,21955
7798864,22312,Sainsbury's,JS Chicken & Maple Cured Bacon Skillet x 6,Sainsbury's,P+3,Skillet,0,0,0,0,0,,,,,0,,,,0,,,,67350,0,0,0,0,0,0,0,0,0,0,,0,,,,,MISSING,MISSING,,6,0,0,0,0,0,0,0,0,OK,,22312
7847033,22468,Sainsbury's,"JS Brie, Bacon & Chilli Chutney Skillet x4",Sainsbury's,P+3,Alternative,0,0,0,0,0,,,,0,,0,,0,0,,,,18604,0,0,0,0,0,0,0,0,0,0,,0,,,,,MISSING,MISSING,,4,0,0,0,0,0,0,0,0,OK,,22468
7849630,22469,Sainsbury's,"JS Avocado, Tomato & Basil Skillet x4",Sainsbury's,P+2,Skillet,0,0,0,0,0,,,,0,0,0,,0,0,,,,0,0,0,0,0,0,0,0,0,0,0,,0,,,,,MISSING,MISSING,,4,0,0,0,0,0,0,0,0,OK,,22469
7847035,22472,Sainsbury's,JS Chicken Fajita Triple Wrap x4,Sainsbury's,P+2,wrap,0,0,0,0,0,0,2682,4456,1777,696,1412,1124,1047,1912,,,,22148,8188,9990,2047,0,0,0,4456,696,1124,1912,,1912,,,,,MISSING,MISSING,,4,0,0,0,1114,174,281,478,2047,OK,,22472
7958341,24077,Sainsbury's,JS Greek Chicken & Tzatziki Premium Wrap X4,Sainsbury's,P+2,wrap,0,0,0,0,0,0,2316,1232,148,,2200,,482,136,,,,9196,1368,4713,342,0,0,0,1232,0,0,136,,136,,,,,MISSING,MISSING,,4,0,0,0,308,0,0,34,342,OK,,24077
7980040,24648,Sainsbury's,JS Steak & Caramelised Red Onion Grab Bag,Sainsbury's,P+3,Alternative,0,0,0,0,0,0,3392,1788,1185,524,2024,944,699,1056,,,,15224,4312,7188,1078,0,0,0,1788,524,944,1056,,1056,,,,,MISSING,MISSING,,4,0,0,0,447,131,236,264,1078,OK,,#N/A
7991425,24955,Sainsbury's,JS Vegan Mexican Bean Wrap,Sainsbury's,P+3,wrap,0,0,0,0,0,0,,,0,,0,,0,,,,,10748,0,4737,0,0,0,0,0,0,0,0,,0,,,,,MISSING,MISSING,,4,0,0,0,0,0,0,0,0,OK,,#N/A
,25543,Sainsbury's,JS Harissa Chicken Wrap,Sainsbury's,P+3,Alternative,0,0,0,0,0,0,,,0,,0,,0,0,,,,19616,0,10659,0,0,0,0,0,0,0,0,,0,,,,,MISSING,MISSING,,4,0,0,0,0,0,0,0,0,OK,,#N/A
,25544,Sainsbury's,JS Vegan Onion Bhaji Sandwich,Sainsbury's,P+3,Skillet,0,0,0,0,0,,,,0,0,0,,0,0,,,,13932,0,0,0,0,0,0,0,0,0,0,,0,,,,,MISSING,MISSING,,1,0,0,0,0,0,0,0,0,OK,,#N/A
,25545,Sainsbury's,JS Katsu Chicken Sandwich ,Sainsbury's,P+3,Skillet,0,0,0,0,0,,,,0,0,0,,0,0,,,,27860,0,0,0,0,0,0,0,0,0,0,,0,,,,,MISSING,MISSING,,1,0,0,0,0,0,0,0,0,OK,,#N/A
8018816,25608,Sainsbury's,JS Halloumi Roast Vegetable Wrap,Sainsbury's,P+3,wrap,0,0,0,0,0,0,,,0,,0,,0,,,,,4744,0,2065,0,0,0,0,0,0,0,0,,0,,,,,MISSING,MISSING,,4,0,0,0,0,0,0,0,0,OK,,#N/A
7798851,26002,Sainsbury's,JS Chicken Salad Skillet x 4,Sainsbury's,P+3,Skillet,0,0,0,0,9125,11372,10600,7536,7023,6552,5578,6360,4140,4008,,,,78852,35828,39664,8957,0,0,11372,7536,6552,6360,4008,,4008,,,,,MISSING,MISSING,,4,0,0,2843,1884,1638,1590,1002,8957,OK,,#N/A
8046570,26981,Sainsbury's,JS Tuna Crunch Sub Roll ,Sainsbury's,P+2,Alternative,0,0,0,0,0,,,,0,0,0,,0,0,,,,18820,0,0,0,0,0,0,0,0,0,0,,0,,,,,MISSING,MISSING,,4,0,0,0,0,0,0,0,0,OK,,#N/A
8046550,26983,Sainsbury's,JS Chicken and Bacon Sub Roll ,Sainsbury's,P+3,Alternative,0,0,0,0,0,,,,0,,0,,0,,,,,19352,0,0,0,0,0,0,0,0,0,0,,0,,,,,MISSING,MISSING,,4,0,0,0,0,0,0,0,0,OK,,#N/A
8046562,26984,Sainsbury's,JS Ham and Cheese Sub Roll ,Sainsbury's,P+3,Alternative,0,0,0,0,0,0,3807,5316,2522,2020,2004,1908,1487,2124,,,,33176,11368,15449,2842,0,0,0,5316,2020,1908,2124,,2124,,,,,MISSING,MISSING,,4,0,0,0,1329,505,477,531,2842,OK,,#N/A
,27330,Sainsbury's,JS Salt Beef & Mustard Focaccia,Sainsbury's,P+2,Alternative,0,0,0,0,0,0,,,0,,0,,0,0,,,,5516,0,2513,0,0,0,0,0,0,0,0,,0,,,MISSING,,MISSING,MISSING,,4,0,0,0,0,0,0,0,0,OK,,#N/A
,22288,Sainsbury's,JS Brie & Cranberry Skillet,Sainsbury's,P+3,Skillet,0,0,0,0,5119,6700,5946,3544,3940,3136,3129,2416,0,,,,,0,15796,0,3949,0,0,6700,3544,3136,2416,0,,0,,,,,MISSING,MISSING,,4,0,0,1675,886,784,604,0,3949,OK,,22288
,28009,Sainsbury's,JS HTE Egg & Cheese Muffin,Sainsbury's,P+2,Alternative,0,0,0,0,0,0,,,0,,0,,0,,,,,0,0,3441,0,0,0,0,0,0,0,0,,0,,,,,MISSING,MISSING,,4,0,0,0,0,0,0,0,0,OK,,#N/A
,28010,Sainsbury's,JS HTE Meatball Marinara Wrap,Sainsbury's,P+2,Alternative,0,0,0,0,0,0,,,0,,0,,0,,,,,0,0,1339,0,0,0,0,0,0,0,0,,0,,,,,MISSING,MISSING,,4,0,0,0,0,0,0,0,0,OK,,#N/A
,28011,Sainsbury's,JS HTE Ham & Cheese Toastie,Sainsbury's,P+2,Alternative,0,0,0,0,0,0,,,0,,0,,0,,,,,0,0,3618,0,0,0,0,0,0,0,0,,0,,,,,MISSING,MISSING,,4,0,0,0,0,0,0,0,0,OK,,#N/A
,28111,Sainsbury's,JS Boxing Day Sub Roll,Sainsbury's,P+2,Alternative,0,0,0,0,1520,3540,1765,608,1170,588,929,1392,0,,,,,0,6128,0,1532,0,0,3540,608,588,1392,0,,0,,,,,MISSING,MISSING,,4,0,0,885,152,147,348,0,1532,OK,,#N/A
,28112,Sainsbury's,JS Rudolph's Christmas Feast,Sainsbury's,P+2,Alternative,0,0,0,0,217,624,252,,167,72,133,152,0,,,,,0,848,0,212,0,0,624,0,72,152,0,,0,,,,,MISSING,MISSING,,4,0,0,156,0,18,38,0,212,OK,,#N/A
,28113,Sainsbury's,JS Beef Wellington Special,Sainsbury's,P+3,Alternative,0,0,0,0,663,1024,770,,510,1020,405,32,0,,,,,0,2076,0,519,0,0,1024,0,1020,32,0,,0,,,,,MISSING,MISSING,,4,0,0,256,0,255,8,0,519,OK,,#N/A
,28375,Sainsbury's,JS Christmas Platter,Sainsbury's,P+2,Alternative,0,0,0,0,0,0,,,,0,,,,,,,,#N/A,0,2330,0,0,0,0,0,0,0,0,,0,,,,,MISSING,MISSING,,4,0,0,0,0,0,0,0,0,OK,,#N/A
,22883,Sainsbury's,JS Wrap Platter x1,Sainsbury's,P+2,Alternative,0,0,0,0,0,0,,,,0,,,,,,,,1859,0,0,0,0,0,0,0,0,0,0,,0,,,,,MISSING,MISSING,,1,0,0,0,0,0,0,0,0,OK,,22883
,23956,Sainsbury's,JS Classic Sandwich Platter x1,Sainsbury's,P+2,Alternative,0,0,0,0,0,0,300,314,1500,1624,,,,,,,,2995,1938,4659,1938,0,0,0,314,1624,0,0,,0,,,,,MISSING,MISSING,,1,0,0,0,314,1624,0,0,1938,OK,,#N/A
,22882,Sainsbury's,JS Meat Sandwich Platter x1,Sainsbury's,P+2,Alternative,0,0,0,0,0,0,,,,0,,,,,,,,1475,0,0,0,0,0,0,0,0,0,0,,0,,,,,MISSING,MISSING,,1,0,0,0,0,0,0,0,0,OK,,22882
,23954,Sainsbury's,JS Vegetarian Sandwich Platter x1,Sainsbury's,P+2,Alternative,0,0,0,0,0,0,150,114,500,462,,,,,,,,1377,576,2330,576,0,0,0,114,462,0,0,,0,,,,,MISSING,MISSING,,1,0,0,0,114,462,0,0,576,OK,,#N/A
8530,27728,Sainsbury's,"JS PF Chicken, Bacon & Caesar Wrap x 1",Sainsbury's,P+2,wrap,0,0,0,0,16,24,20,24,15,40,9,50,0,0,,,,188,138,75,138,0,0,24,24,40,50,0,,0,,,,,MISSING,MISSING,,1,0,0,24,24,40,50,0,138,OK,,#N/A
8581,27727,Sainsbury's PFS,"JS PFS Mozzarella, Tomato and Pesto Wrap x 1",Sainsbury's,P+2,wrap,0,0,0,0,14,24,17,24,13,40,8,50,0,0,,,,188,138,74,138,0,0,24,24,40,50,0,,0,,,,,MISSING,MISSING,,1,0,0,24,24,40,50,0,138,OK,,#N/A
8531,27729,Sainsbury's PFS,JS PFS Duck & Hoisin Wrap x 1,Sainsbury's,P+2,wrap,0,0,0,0,,0,27,24,15,40,10,40,0,0,,,,188,104,83,104,0,0,0,24,40,40,0,,0,,,,,MISSING,MISSING,,1,0,0,0,24,40,40,0,104,OK,,#N/A
8534,27730,Sainsbury's PFS,JS PFS Southern Fried Chicken Wrap x1,Sainsbury's,P+2,wrap,0,0,0,0,,0,28,24,16,40,10,50,0,0,,,,188,114,86,114,0,0,0,24,40,50,0,,0,,,,,MISSING,MISSING,,1,0,0,0,24,40,50,0,114,OK,,#N/A
9935,27133,Sainsbury's PFS,JS PFS Seafood Cocktail Skillet x 1,Sainsbury's,P+3,Skillet,0,0,0,0,,,,,0,0,0,,0,0,,,,2070,0,992,0,0,0,0,0,0,0,0,,0,,,,,MISSING,MISSING,,1,0,0,0,0,0,0,0,0,OK,,#N/A
,27921,Sainsbury's PFS,JS PFS Chicken and Bacon Sub Roll ,Sainsbury's,P+3,Skillet,0,0,0,0,,,,,,,,,,,,,,144,0,0,0,0,0,0,0,0,0,0,,0,,,,,MISSING,MISSING,,1,0,0,0,0,0,0,0,0,OK,,#N/A
,27924,Sainsbury's PFS,JS PFS Korean Chicken Sandwich,Sainsbury's,P+3,Skillet,0,0,0,0,,,,,,,,,,,,,,0,0,0,0,0,0,0,0,0,0,0,,0,,,,,MISSING,MISSING,,1,0,0,0,0,0,0,0,0,OK,,#N/A
,27933,Sainsbury's PFS,JS PFS TUNA & CUCUMBER SUB,Sainsbury's,P+3,Skillet,0,0,0,0,,,,,,,,,,,,,,134,0,0,0,0,0,0,0,0,0,0,,0,,,,,MISSING,MISSING,,1,0,0,0,0,0,0,0,0,OK,,#N/A
,27934,Sainsbury's PFS,JS PFS Ham And Cheese Sub Roll,Sainsbury's,P+3,Skillet,,,,,,,,,,,,,,,,,,0,0,0,0,0,0,0,0,0,0,0,,0,,,,,MISSING,MISSING,,1,0,0,0,0,0,0,0,0,OK,,#N/A
,27935,Sainsbury's PFS,JS PFS Sweet Chilli Chicken Wrap,Sainsbury's,P+3,Skillet,,,,,,,,,,,,,,,,,,0,0,0,0,0,0,0,0,0,0,0,,0,,,,,MISSING,MISSING,,1,0,0,0,0,0,0,0,0,OK,,#N/A
,27937,Sainsbury's PFS,JS PFS TTD Eggs Hollandaise with Avocado,Sainsbury's,P+3,Skillet,,,,,,,,,,,,,,,,,,0,0,0,0,0,0,0,0,0,0,0,,0,,,,,MISSING,MISSING,,1,0,0,0,0,0,0,0,0,OK,,#N/A
,27938,Sainsbury's PFS,"JS PFS Brie, Bacon & Chilli Chutney Skillet",Sainsbury's,P+3,Skillet,,,,,,,,,,,,,,,,,,0,0,0,0,0,0,0,0,0,0,0,,0,,,,,MISSING,MISSING,,1,0,0,0,0,0,0,0,0,OK,,#N/A
,27939,Sainsbury's PFS,JS PFS greek style chicken & tzatziki wrap,Sainsbury's,P+3,Skillet,0,0,0,0,,0,16,20,30,,40,,,0,,,,132,20,0,20,0,0,0,20,0,0,0,,0,,,,,MISSING,MISSING,,1,0,0,0,20,0,0,0,20,OK,,#N/A
,27946,Sainsbury's PFS,JS PFS Steak & caramelised onion sandwich,Sainsbury's,P+3,Skillet,0,0,0,0,,0,22,18,13,32,40,40,,0,,,,168,90,0,90,0,0,0,18,32,40,0,,0,,,,,MISSING,MISSING,,1,0,0,0,18,32,40,0,90,OK,,#N/A
9929,27131,Sainsbury's PFS,JS PFS Chicken Salad Skillet x 1,Sainsbury's,P+3,Skillet,0,0,0,0,100,294,57,246,43,329,100,313,,0,,,,2017,1182,1184,1182,0,0,294,246,329,313,0,,0,,,,,MISSING,MISSING,,1,0,0,294,246,329,313,0,1182,OK,,#N/A
,27179,Sainsbury's PFS,JS PFS Chicken & Maple Cured Bacon Skillet x 1,Sainsbury's,P+3,Skillet,0,0,0,0,,,,,,,,,,,,,,2159,0,0,0,0,0,0,0,0,0,0,,0,,,,,MISSING,MISSING,,1,0,0,0,0,0,0,0,0,OK,,#N/A
,27109,Sainsbury's PFS,JS PFS Brie & Cranberry Skillet,Sainsbury's,P+3,Skillet,0,0,0,0,356,368,430,286,323,275,226,226,0,0,,,,0,1155,0,1155,0,0,368,286,275,226,0,,0,,,MISSING,,MISSING,MISSING,,1,0,0,368,286,275,226,0,1155,OK,,#N/A
,28474,Sainsbury's,JS PF BOXING DAY LEFTOVER SUB,Sainsbury's,p+2,Alternative,,,,,,,,,,,,,,,,,,#N/A,0,#N/A,0,0,0,0,0,0,0,0,,0,,,MISSING,MISSING,MISSING,MISSING,,4,0,0,0,0,0,0,0,0,OK,,#N/A
,28475,Sainsbury's,JS PF RUDOLPHS CARROT & VEG ST,Sainsbury's,P+2,Alternative,,,,,,,,,,,,,,,,,,#N/A,0,#N/A,0,0,0,0,0,0,0,0,,0,,,MISSING,MISSING,MISSING,MISSING,,4,0,0,0,0,0,0,0,0,OK,,#N/A
,27331,Sainsbury's,JS Indian Inspired Chickpea Flatbread,Sainsbury's,p+2,Alternative,,,,,,,,,,,,,,,,,,0,0,0,0,0,0,0,0,0,0,0,,0,,,,,MISSING,MISSING,,4,0,0,0,0,0,0,0,0,OK,,#N/A
,27332,Sainsbury's,JS Middle Eastern Lamb Kofta Flatbread  ,Sainsbury's,P+2,Alternative,,,,,,,,,,,,,,,,,,0,0,0,0,0,0,0,0,0,0,0,,0,,,,,MISSING,MISSING,,4,0,0,0,0,0,0,0,0,OK,,#N/A
,28100,Sainsbury's,JS Hell's Spicy Chicken Roll,,P+2,Alternative,,,,,,,,,,,,,,,,,,3860,0,0,0,0,0,0,0,0,0,0,,0,,,,,MISSING,MISSING,,4,0,0,0,0,0,0,0,0,OK,,#N/A
7980037,24649,Sainsbury's,JS Ham Hock & Mature Cheddar Grab Bag,Sainsbury's,P+3,Alternative,,,,,,,,,,,,,,,,,,0,0,0,0,0,0,0,0,0,0,0,,0,,,,,MISSING,MISSING,,4,0,0,0,0,0,0,0,0,OK,,#N/A
,23955,Sainsbury's,JS Seafood Platter x1,Sainsbury's,P+2,Alternative,,,,,,,,,,,,,,,,,,0,0,0,0,0,0,0,0,0,0,0,,0,,,,,MISSING,MISSING,,1,0,0,0,0,0,0,0,0,OK,,#N/A
7972085,24770,Sainsbury's,JS Party Sandwich Platter,Sainsbury's,P+2,Alternative,,,,,,,,,,,,,,,,,,0,0,0,0,0,0,0,0,0,0,0,,0,,,,,MISSING,MISSING,,1,0,0,0,0,0,0,0,0,OK,,#N/A
7972091,24480,Sainsbury's,JS Premium Sandwich Platter,Sainsbury's,P+2,Alternative,,,,,,,,,,,,,,,,,,0,0,0,0,0,0,0,0,0,0,0,,0,,,,,MISSING,MISSING,,1,0,0,0,0,0,0,0,0,OK,,#N/A
3277,22186,Sainsbury's PFS,JS DTS Southern Fried Chicken Wrap x 1,Sainsbury's,P+2,wrap,,,,,,,,,,,,,,,,,,0,0,0,0,0,0,0,0,0,0,0,,0,,,MISSING,MISSING,MISSING,MISSING,,1,0,0,0,0,0,0,0,0,OK,,22186
3278,22187,Sainsbury's PFS,"JS DTS Ham & Egg Sub Roll 10"" x 1",Sainsbury's,P+3,Alternative,,,,,,,,,,,,,,,,,,0,0,0,0,0,0,0,0,0,0,0,,0,,,,,MISSING,MISSING,,1,0,0,0,0,0,0,0,0,OK,,22187
3292,23990,Sainsbury's PFS,JS DTS Chicken Salad Skillet x 1,Sainsbury's,P+3,Skillet,,,,,,,,,,,,,,,,,,0,0,0,0,0,0,0,0,0,0,0,,0,,,,,MISSING,MISSING,,1,0,0,0,0,0,0,0,0,OK,,#N/A
3294,23992,Sainsbury's PFS,JS DTS Seafood Cocktail Skillet x 1,Sainsbury's,P+3,Skillet,,,,,,,,,,,,,,,,,,0,0,0,0,0,0,0,0,0,0,0,,0,,,MISSING,MISSING,MISSING,MISSING,,1,0,0,0,0,0,0,0,0,OK,,#N/A
7799572,23686,Sainsbury's,JS Seafood Cocktail Skillet x 8,Sainsbury's,P+3,Skillet,,,,,,,,,,,,,,,,,,0,0,#N/A,0,0,0,0,0,0,0,0,,0,,,MISSING,MISSING,MISSING,MISSING,,8,0,0,0,0,0,0,0,0,OK,,23686
,,,,M11724,,,,9.00%,0,18.00%,,17.00%,,18.00%,,16.00%,,14.00%,,8.00%,,,,,,,,,,,,,,,,,,,,,,,,,,,,,,,,,,,
,,,,,,,14%,17%,0,4%,8%,5%,8%,6%,9%,6%,17%,15%,39%,46%,,,,,,,,,,,,,,,,0,,,,,,,,,,,,,,,,,,,
,SUTHERLAND/IKEA/SPAR/WILKO,,Totals JS,,,,0,0,0,0,29205,39050,66860,58770,43611,35854,38219,34485,21236,23940,0,0,0,#N/A,192099,#N/A,50961,0,0,39050,58770,35854,34485,23940,0,23940,,,,,,,,,,,,,,,,,,,
,,,,,,,,,0,,,,,,,,,,,,,,,,,,,,,,,,,,,,,,,,,,,,,,,,,,,,,,
,27781,Sainsbury's Café,JS CAFE Bacon Bap x 4          ,Sutherland,P+4,Alternative,0,0,0,0,2895,2800,0,0,1435,1704,2116,1108,958,1720,,,,11660,7332,10600,1833,0,0,2800,0,1704,1108,1720,,1720,,,,,MISSING,MISSING,,4,0,0,700,0,426,277,430,1833,OK,,#N/A
,27782,Sainsbury's Café,JS CAFE Sausage Bap x 4,Sutherland,P+4,Alternative,0,0,0,0,2323,2456,0,0,1152,1456,1804,896,769,1392,,,,9488,6200,6700,1550,0,0,2456,0,1456,896,1392,,1392,,,,,MISSING,MISSING,,4,0,0,614,0,364,224,348,1550,OK,,#N/A
,27783,Sainsbury's Café,JS CAFE Egg Florentine x 4,Sutherland,P+3,Alternative,0,0,0,0,0,,0,0,0,,644,,612,,,,,4344,0,1500,0,0,0,0,0,0,0,0,,0,,,,,MISSING,MISSING,,4,0,0,0,0,0,0,0,0,OK,,#N/A
,27784,Sainsbury's Café,JS CAFE Cheese & Onion Topped Toastie x 4,Sutherland,P+4,Alternative,0,0,0,0,2127,2252,0,0,1054,1428,1596,812,704,1332,,,,9508,5824,8081,1456,0,0,2252,0,1428,812,1332,,1332,,,,,MISSING,MISSING,,4,0,0,563,0,357,203,333,1456,OK,,#N/A
,27785,Sainsbury's Café,JS CAFE Ham & Cheese Topped Toastie x 4,Sutherland,P+4,Alternative,0,0,0,0,2304,2332,0,0,1142,1508,1676,880,763,1432,,,,9976,6152,8614,1538,0,0,2332,0,1508,880,1432,,1432,,,,,MISSING,MISSING,,4,0,0,583,0,377,220,358,1538,OK,,#N/A
,27786,Sainsbury's Café,JS CAFE Chicken & Bacon Topped Toastie x 4,Sutherland,P+4,Alternative,0,0,0,0,0,,0,0,0,0,0,0,0,0,,,,7676,0,4,0,0,0,0,0,0,0,0,,0,,,,,MISSING,MISSING,,4,0,0,0,0,0,0,0,0,OK,,#N/A
,27787,Sainsbury's Café,JS CAFE Tomato & Mozarella Panini x 4,Sutherland,P+4,Alternative,0,0,0,0,0,,0,0,0,0,0,0,0,0,,,,6160,0,2,0,0,0,0,0,0,0,0,,0,,,,,MISSING,MISSING,,4,0,0,0,0,0,0,0,0,OK,,#N/A
,27788,Sainsbury's Café,JS CAFE Tuna Cheese Melt Panini x 4,Sutherland,P+4,Alternative,0,0,0,0,1442,1724,0,0,715,1056,1064,556,477,960,,,,6260,4296,5825,1074,0,0,1724,0,1056,556,960,,960,,,,,MISSING,MISSING,,4,0,0,431,0,264,139,240,1074,OK,,#N/A
,27789,Sainsbury's Café,JS CAFE Kids Cheese Sandwich x 4,Sutherland,P+3,Alternative,0,0,0,0,1324,1552,0,0,656,1032,968,508,944,440,,,,6548,3532,4500,883,0,0,1552,0,1032,508,440,,440,,,,,MISSING,MISSING,,4,0,0,388,0,258,127,110,883,OK,,#N/A
,27790,Sainsbury's Café,JS CAFE Kids Ham Sandwich x 4,Sutherland,P+3,Alternative,0,0,0,0,0,,0,0,652,1024,984,508,952,436,,,,6492,1968,4500,492,0,0,0,0,1024,508,436,,436,,,,,MISSING,MISSING,,4,0,0,0,0,256,127,109,492,OK,,#N/A
,27791,Sainsbury's Café,JS CAFE Egg & Cress Sandwich x 2,Sutherland,P+3,Alternative,0,0,0,0,0,,0,0,453,624,648,354,582,304,,,,4028,1282,2233,641,0,0,0,0,624,354,304,,304,,,,,MISSING,MISSING,,2,0,0,0,0,312,177,152,641,OK,,#N/A
,27792,Sainsbury's Café,JS CAFE Prawn Mayonnaise Sandwich x 2,Sutherland,P+3,Alternative,0,0,0,0,0,,0,0,425,594,630,330,564,284,,,,3888,1208,3500,604,0,0,0,0,594,330,284,,284,,,,,MISSING,MISSING,,2,0,0,0,0,297,165,142,604,OK,,#N/A
,27793,Sainsbury's Café,JS CAFE Chicken & Bacon Sandwich x 2,Sutherland,P+3,Alternative,0,0,0,0,0,,0,0,0,0,0,0,0,0,,,,0,0,3500,0,0,0,0,0,0,0,0,,0,,,,,MISSING,MISSING,,2,0,0,0,0,0,0,0,0,OK,,#N/A
,27794,Sainsbury's Café,JS CAFE Cheese Ploughmans x 2,Morrisons,P+3,Alternative,0,0,0,0,0,,0,0,0,0,0,0,0,0,,,,3676,0,3400,0,0,0,0,0,0,0,0,,0,,,,,MISSING,MISSING,,2,0,0,0,0,0,0,0,0,OK,,#N/A
,28103,Sainsbury's Café,JS CAFE Pig Under Blankets Toastie,Sutherland,P+3,Alternative,0,0,0,0,,,,,,,984,,892,,,,,0,0,4500,0,0,0,0,0,0,0,0,,0,,,,,MISSING,MISSING,,4,0,0,0,0,0,0,0,0,OK,,#N/A
,28104,Sainsbury's Café,JS CAFÉ Rudolph's Christmas Feast,Morrisons,P+3,Alternative,0,0,0,0,611,972,0,0,466,640,548,360,460,312,,,,0,2284,3400,571,0,0,972,0,640,360,312,,312,,,,,MISSING,MISSING,,4,0,0,243,0,160,90,78,571,OK,,#N/A
,28105,Sainsbury's Café,JS CAFÉ Turkey Feast Sandwich Stack,Sutherland,P+3,Alternative,0,0,0,0,562,782,0,0,429,482,472,334,434,286,,,,0,1884,4500,942,0,0,782,0,482,334,286,,286,,,,,MISSING,MISSING,,2,0,0,391,0,241,167,143,942,OK,,#N/A
,28106,Sainsbury's Café,JS CAFÉ Cheese & Chutney Toastie,Sutherland,P+3,Alternative,0,0,0,0,0,0,0,0,0,0,0,0,0,0,,,,0,0,4957,0,0,0,0,0,0,0,0,,0,,,,,MISSING,MISSING,,4,0,0,0,0,0,0,0,0,OK,,#N/A
,28107,Sainsbury's Café,JS CAFÉ Turkey Trimmings Panini,Sutherland,P+3,Alternative,0,0,0,0,1634,1640,0,0,810,948,976,632,541,864,,,,0,4084,3500,1021,0,0,1640,0,948,632,864,,864,,,,,MISSING,MISSING,,4,0,0,410,0,237,158,216,1021,OK,,#N/A
,28108,Sainsbury's Café,JS CAFÉ Brie & Cranberry Panini,Sutherland,P+3,Alternative,0,0,0,0,1640,1660,0,0,813,948,956,628,543,896,,,,0,4132,3500,1033,0,0,1660,0,948,628,896,,896,,,,,MISSING,MISSING,,4,0,0,415,0,237,157,224,1033,OK,,#N/A
,28182,Sainsbury's Café,JS CAFÉ Cheese & Tomato Pizza,Morrisons,P+3,Alternative,0,0,,0,,,,,,0,,,,,,,,0,0,3400,0,0,0,0,0,0,0,0,,0,,,,,MISSING,MISSING,,2,0,0,0,0,0,0,0,0,OK,,#N/A
,M13005,Sainsbury's,JS TOASTIES (CHEESE & BECH),Asda,,,,0,,0,,0,,0,,0,,0,,0,,,,,,,,,,,,,,,,,,,MISSING,MISSING,MISSING,MISSING,,,,,,,,,,,,,
,M13008,Sainsbury's,JS TOASTIES (RED ONION & CHEESE),Asda,,,,0,,0,,2477,,0,,1571,,893,,1465,,,,,,,,,,,,,,,,,,,MISSING,MISSING,MISSING,MISSING,,,,,,,,,,,,,
,M13009,Sainsbury's,JS TOASTIES (CHEESE),Asda,,,,0,,0,,2565,,0,,1659,,968,,1575,,,,,,,,,,,,,,,,,,,MISSING,MISSING,MISSING,MISSING,,,,,,,,,,,,,
,M13201,Sainsbury's,JS TOASTIES (CHEESE) DAREKER BAKE,Asda,,,,0,,0,,0,,0,,0,,0,,0,,,,,,,,,,,,,,,,,,,MISSING,MISSING,MISSING,MISSING,,,,,,,,,,,,,
,,,,,,,,11%,,14%,,14%,,14%,,15%,,16%,,17%,,,,,,,,,,,,,,,,,,,,,,,,,,,,,,,,,,,
,MCCOLLS,,Totals JS CAFÉ,,,,0,0,0,0,12415,18170,0,0,10203,13444,16066,7906,10195,10658,0,0,0,25492,50178,62959,10071,0,0,18170,0,13444,7906,10658,0,10658,0,0,0,0,,,,,,,,,,,,,,,
,,,,,,,,0,,#N/A,,,,,,,,,,,,,,,,,,,,,,,,,,,,,,,,,,,,,,,,,,,,,
3700,27201,GDTS MCCOLLS,McColl's Southern Fried Chicken Wrap,Sutherland,P+3,Alternative,,,,,,,,,,,,,,,,,,,0,0,0,0,0,0,0,0,0,0,,0,,,,,MISSING,MISSING,,1,0,0,0,0,0,0,0,0,OK,,#N/A
3706,27202,GDTS MCCOLLS,McColl's Chicken & Bacon Caesar Wrap,Sutherland,P+3,Alternative,,,0,0,,0,1881,1613,2731,2332,1878,1615,,0,,,,7789,5560,4916,5560,0,0,0,1613,2332,1615,0,,0,,,,,MISSING,MISSING,,1,0,0,0,1613,2332,1615,0,5560,OK,,#N/A
3703,27205,GDTS MCCOLLS,McColl's FALAFEL & HOUMOUS WRAP,Morrisons,P+3,Alternative,,,0,0,0,0,0,0,0,0,0,0,,0,,,,600,0,505,0,0,0,0,0,0,0,0,,0,,,,,MISSING,MISSING,,4,0,0,0,0,0,0,0,0,OK,,#N/A
,28139,GDTS MCCOLLS,MC XMAS CHEESE BOARD WEDGE,Sutherland,P+3,Alternative,,,0,0,0,0,0,0,0,0,0,0,,0,,,,#N/A,0,0,0,0,0,0,0,0,0,0,,0,,,,,MISSING,MISSING,,1,0,0,0,0,0,0,0,0,OK,,#N/A
,28140,GDTS MCCOLLS,MC XMAS TURKEY LUNCH WEDGE,Sutherland,P+3,Alternative,,,0,0,0,0,0,0,0,0,0,0,,0,,,,#N/A,0,0,0,0,0,0,0,0,0,0,,0,,,,,MISSING,MISSING,,1,0,0,0,0,0,0,0,0,OK,,#N/A
,28141,GDTS MCCOLLS,MC XMAS PIGS UNDER BLANKETS WEDGE,Morrisons,P+3,Alternative,,,0,0,0,0,0,0,0,0,0,0,,0,,,,#N/A,0,0,0,0,0,0,0,0,0,0,,0,,,,,MISSING,MISSING,,4,0,0,0,0,0,0,0,0,OK,,#N/A
,,,,,,,,,,0.19,,0.15,,0.18,,0.16,,0.17,,0.16,,,,,,,,,,,,,,,,,,,,,,,,,,,,,,,,,,,
,WAITROSE,,Totals MCCOLLS,,,,0,0,0,0,0,0,1881,1613,2731,2332,1878,1615,0,0,0,0,0,7789,5560,5421,5560,0,0,0,1613,2332,1615,0,0,0,0,0,0,0,,,,,,,,,,,,,,,
,,,,,,,,,,,,,,,,,,,,,,,,,,,,,,,,,,,,,,,,,,,,,,,,,,,,,,,
,27410,WAITROSE,WR Shakshuka Eggs Flatbread x 4,Sutherland,P+2,Alternative,,,,,,,,,,,,,,,,,,0,0,0,0,0,0,0,0,0,0,0,,0,,,MISSING,,MISSING,MISSING,,1,0,0,0,0,0,0,0,0,OK,,#N/A
,27411,WAITROSE,WR Spiced Roasted Aubergine Flatbread x 4,Sutherland,P+2,Alternative,,,,,,,,,,,,,,,,,,0,0,0,0,0,0,0,0,0,0,0,,0,,,MISSING,,MISSING,MISSING,,1,0,0,0,0,0,0,0,0,OK,,#N/A
,,,,,,,,9%,,18%,,17%,,18%,,16%,,14%,,8%,,,,,,,,,,,,,,,,,,,,,,,,,,,,,,,,,,,
,,,Totals WAITROSE,,,,0,0,0,0,0,0,0,0,0,0,0,0,0,0,0,0,0,0,0,0,0,0,0,0,0,0,0,0,0,0,0,0,0,0,,,,,,,,,,,,,,,
,,,,,,,,,,,,,,,,,,,,,,,,,504655,#N/A,,0,0,101488,135880,118300,113369,34598,0,34598,,,,,,,,,,,,,,,,,,,
,Total,% Split,Friday Depot,,%,,0,0,0,0,104740,104740,135472,135472,118944,118944,110901,110901,34598,34598,,,,,Prod Plan Checks,,,,,,,,,Totals,,#N/A,,,,,,,,,,,,,,,,,,,
Wrap,223908,,15072,,7%,,,Fri Night,,Sat / Sun,,Sun/Mon,,Mon/Tue,,Tue/Wed,,Wed/Thu,,Thu Night,,,,,,,,,,,,,,,,#N/A,,,,,,,,,,,,,,,,,,,
Skillet,93087,,5688,,6%,,,OK,,OK,,CHECK,,CHECK,,CHECK,,CHECK,,OK,,,,,,,,,,,,,,,,#N/A,,,,,,,,,,,,,,,,,,,
Baguette,0,,0,,#DIV/0!,,,,,,,,,,,,,,,,,,,,,,,,,,,,,,,,,,,,,,,,,,,,,,,,,,
Alternative,187418,,13838,,7%,,,0,,0,,0.207547731,,0.268444779,,0.235693692,,0.219756071,,0.068557728,,,,,,,,,,,,,,,,,,,,,,,,,,,,,,,,,,,
,,,,,,,,,,,,,,,,,,,,,,,,,,,,,,,,,,,,,,,,,,,,,,,,,,,,,,,
,,,,,,,,,,,,,,,,,,,19,20,21,22,23,24,25,26,27,28,29,30,31,32,33,34,35,36,37,38,39,40,41,42,43,44,,,,,,,,,,,
,,,,,,,,,,,,,,,,,,,,,,,,,,,,,,,,,,,,,,,,,,,,,,,,,,,,,,,
,,,,,,,,,,,,,,,,,,,,,,,,,,,,,,,,,,,,,,,,,,,,,,,,,,,,,,,
,,,,,,,,,,,,,,,,,,,,,,,,,,,,,,,,,,,,,,,,,,,,,,,,,,,,,,,
,,,,,,,,,,,,,,,,,,,,,,,,,,,,,,,,,,,,,,,,,,,,,,,,,,,,,,,
,,,,,,,,,,,,,,,,,,,,,,,,,,,,,,,,,,,,,,,,,,,,,,,,,,,,,,,
,,,,,,,,0,,0,,0.2032806,,0.305936002,,0.186643345,,0.179516812,,0.124623241,,,,,,,,,,,,,,,,,,,,,,,,,,,,,,,,,,,
,,,,,,,,,,,,,,,,,,,,,,,,,,,,,,,,,,,,,,,,,,,,,,,,,,,,,,,
,,,,,,,,,,,,,,,,,,,,,,,,,,,,,,,,,,,,,,,,,,,,,,,,,,,,,,,
,,,,,,,,,,,,,,,,,,,,,,,,,,,,,,,,,,,,,,,,,,,,,,,,,,,,,,,
,,,,,,,,,,,,,,,,,,,,,,,,,,,,,,,,,,,,,,,,,,,,,,,,,,,,,,,
,,,,,,,,,,,,,,,,,,,,,,,,,,,,,,,,,,,,,,,,,,,,,,,,,,,,,,,
,,,,,,,,,,,,,,,,,,,,,,,,,,,,,,,,,,,,,,,,,,,,,,,,,,,,,,,
,,,,,,,,,,,,,,,,,,,,,,,,,,,,,,,,,,,,,,,,,,,,,,,,,,,,,,,
,,,,,,,,,,,,,,,,,,,,,,,,,,,,,,,,,,,,,,,,,,,,,,,,,,,,,,,
,,,,,,,,,,,,,,,,,,,,,,,,,,,,,,,,,,,,,,,,,,,,,,,,,,,,,,,
,,,,,,,,,,,,,,,,,,,,,,,,,,,,,,,,,,,,,,,,,,,,,,,,,,,,,,,
,,,,,,,,,,,,,,,,,,,,,,,,,,,,,,,,,,,,,,,,,,,,,,,,,,,,,,,
,,,,,,,,,,,,,,,,,,,,,,,,,,,,,,,,,,,,,,,,,,,,,,,,,,,,,,,
,,,,,,,,,,,,,,,,,,,,,,,,,,,,,,,,,,,,,,,,,,,,,,,,,,,,,,,
,,,,,,,,,,,,,,,,,,,,,,,,,,,,,,,,,,,,,,,,,,,,,,,,,,,,,,,
,,,,,,,,,,,,,,,,,,,,,,,,,,,,,,,,,,,,,,,,,,,,,,,,,,,,,,,
,,,,,,,,,,,,,,,,,,,,,,,,,,,,,,,,,,,,,,,,,,,,,,,,,,,,,,,
,,,,,,,,,,,,,,,,,,,,,,,,,,,,,,,,,,,,,,,,,,,,,,,,,,,,,,,
,,,,,,,,,,,,,,,,,,,,,,,,,,,,,,,,,,,,,,,,,,,,,,,,,,,,,,,
,,,,,,,,,,,,,,,,,,,,,,,,,,,,,,,,,,,,,,,,,,,,,,,,,,,,,,,
,,,,,,,,,,,,,,,,,,,,,,,,,,,,,,,,,,,,,,,,,,,,,,,,,,,,,,,
,,,,,,,,,,,,,,,,,,,,,,,,,,,,,,,,,,,,,,,,,,,,,,,,,,,,,,,
,,,,,,,,,,,,,,,,,,,,,,,,,,,,,,,,,,,,,,,,,,,,,,,,,,,,,,,
,,,,,,,,,,,,,,,,,,,,,,,,,,,,,,,,,,,,,,,,,,,,,,,,,,,,,,,
,,,,,,,,,,,,,,,,,,,,,,,,,,,,,,,,,,,,,,,,,,,,,,,,,,,,,,,
,,,,,,,,,,,,,,,,,,,,,,,,,,,,,,,,,,,,,,,,,,,,,,,,,,,,,,,
,,,,,,,,,,,,,,,,,,,,,,,,,,,,,,,,,,,,,,,,,,,,,,,,,,,,,,,
,,,,,,,,,,,,,,,,,,,,,,,,,,,,,,,,,,,,,,,,,,,,,,,,,,,,,,,
,,,,,,,,,,,,,,,,,,,,,,,,,,,,,,,,,,,,,,,,,,,,,,,,,,,,,,,
,,,,,,,,,,,,,,,,,,,,,,,,,,,,,,,,,,,,,,,,,,,,,,,,,,,,,,,
,,,,,,,,,,,,,,,,,,,,,,,,,,,,,,,,,,,,,,,,,,,,,,,,,,,,,,,
,,,,,,,,,,,,,,,,,,,,,,,,,,,,,,,,,,,,,,,,,,,,,,,,,,,,,,,
,,,,,,,,,,,,,,,,,,,,,,,,,,,,,,,,,,,,,,,,,,,,,,,,,,,,,,,
,,,,,,,,,,,,,,,,,,,,,,,,,,,,,,,,,,,,,,,,,,,,,,,,,,,,,,,
,,,,,,,,,,,,,,,,,,,,,,,,,,,,,,,,,,,,,,,,,,,,,,,,,,,,,,,
,,,,,,,,,,,,,,,,,,,,,,,,,,,,,,,,,,,,,,,,,,,,,,,,,,,,,,,
,,,,,,,,,,,,,,,,,,,,,,,,,,,,,,,,,,,,,,,,,,,,,,,,,,,,,,,
,,,,,,,,,,,,,,,,,,,,,,,,,,,,,,,,,,,,,,,,,,,,,,,,,,,,,,,
,,,,,,,,,,,,,,,,,,,,,,,,,,,,,,,,,,,,,,,,,,,,,,,,,,,,,,,
,,,,,,,,,,,,,,,,,,,,,,,,,,,,,,,,,,,,,,,,,,,,,,,,,,,,,,,
,,,,,,,,,,,,,,,,,,,,,,,,,,,,,,,,,,,,,,,,,,,,,,,,,,,,,,,
,,,,,,,,,,,,,,,,,,,,,,,,,,,,,,,,,,,,,,,,,,,,,,,,,,,,,,,
,,,,,,,,,,,,,,,,,,,,,,,,,,,,,,,,,,,,,,,,,,,,,,,,,,,,,,,
,,,,,,,,,,,,,,,,,,,,,,,,,,,,,,,,,,,,,,,,,,,,,,,,,,,,,,,
,,,,,,,,,,,,,,,,,,,,,,,,,,,,,,,,,,,,,,,,,,,,,,,,,,,,,,,
,,,,,,,,,,,,,,,,,,,,,,,,,,,,,,,,,,,,,,,,,,,,,,,,,,,,,,,
,,,,,,,,,,,,,,,,,,,,,,,,,,,,,,,,,,,,,,,,,,,,,,,,,,,,,,,
,,,,,,,,,,,,,,,,,,,,,,,,,,,,,,,,,,,,,,,,,,,,,,,,,,,,,,,
,,,,,,,,,,,,,,,,,,,,,,,,,,,,,,,,,,,,,,,,,,,,,,,,,,,,,,,
,,,,,,,,,,,,,,,,,,,,,,,,,,,,,,,,,,,,,,,,,,,,,,,,,,,,,,,
,,,,,,,,,,,,,,,,,,,,,,,,,,,,,,,,,,,,,,,,,,,,,,,,,,,,,,,
,,,,,,,,,,,,,,,,,,,,,,,,,,,,,,,,,,,,,,,,,,,,,,,,,,,,,,,
,,,,,,,,,,,,,,,,,,,,,,,,,,,,,,,,,,,,,,,,,,,,,,,,,,,,,,,
,,,,,,,,,,,,,,,,,,,,,,,,,,,,,,,,,,,,,,,,,,,,,,,,,,,,,,,
,,,,,,,,,,,,,,,,,,,,,,,,,,,,,,,,,,,,,,,,,,,,,,,,,,,,,,,
,,,,,,,,,,,,,,,,,,,,,,,,,,,,,,,,,,,,,,,,,,,,,,,,,,,,,,,
,,,,,,,,,,,,,,,,,,,,,,,,,,,,,,,,,,,,,,,,,,,,,,,,,,,,,,,
,,,,,,,,,,,,,,,,,,,,,,,,,,,,,,,,,,,,,,,,,,,,,,,,,,,,,,,
,,,,,,,,,,,,,,,,,,,,,,,,,,,,,,,,,,,,,,,,,,,,,,,,,,,,,,,
,,,,,,,,,,,,,,,,,,,,,,,,,,,,,,,,,,,,,,,,,,,,,,,,,,,,,,,
,,,,,,,,,,,,,,,,,,,,,,,,,,,,,,,,,,,,,,,,,,,,,,,,,,,,,,,
,,,,,,,,,,,,,,,,,,,,,,,,,,,,,,,,,,,,,,,,,,,,,,,,,,,,,,,
,,,,,,,,,,,,,,,,,,,,,,,,,,,,,,,,,,,,,,,,,,,,,,,,,,,,,,,
,,,,,,,,,,,,,,,,,,,,,,,,,,,,,,,,,,,,,,,,,,,,,,,,,,,,,,,
,,,,,,,,,,,,,,,,,,,,,,,,,,,,,,,,,,,,,,,,,,,,,,,,,,,,,,,
,,,,,,,,,,,,,,,,,,,,,,,,,,,,,,,,,,,,,,,,,,,,,,,,,,,,,,,
,,,,,,,,,,,,,,,,,,,,,,,,,,,,,,,,,,,,,,,,,,,,,,,,,,,,,,,
,,,,,,,,,,,,,,,,,,,,,,,,,,,,,,,,,,,,,,,,,,,,,,,,,,,,,,,
,,,,,,,,,,,,,,,,,,,,,,,,,,,,,,,,,,,,,,,,,,,,,,,,,,,,,,,
,,,,,,,,,,,,,,,,,,,,,,,,,,,,,,,,,,,,,,,,,,,,,,,,,,,,,,,
,,,,,,,,,,,,,,,,,,,,,,,,,,,,,,,,,,,,,,,,,,,,,,,,,,,,,,,
,,,,,,,,,,,,,,,,,,,,,,,,,,,,,,,,,,,,,,,,,,,,,,,,,,,,,,,
,,,,,,,,,,,,,,,,,,,,,,,,,,,,,,,,,,,,,,,,,,,,,,,,,,,,,,,
,,,,,,,,,,,,,,,,,,,,,,,,,,,,,,,,,,,,,,,,,,,,,,,,,,,,,,,
,,,,,,,,,,,,,,,,,,,,,,,,,,,,,,,,,,,,,,,,,,,,,,,,,,,,,,,
,,,,,,,,,,,,,,,,,,,,,,,,,,,,,,,,,,,,,,,,,,,,,,,,,,,,,,,
,,,,,,,,,,,,,,,,,,,,,,,,,,,,,,,,,,,,,,,,,,,,,,,,,,,,,,,
,,,,,,,,,,,,,,,,,,,,,,,,,,,,,,,,,,,,,,,,,,,,,,,,,,,,,,,
,,,,,,,,,,,,,,,,,,,,,,,,,,,,,,,,,,,,,,,,,,,,,,,,,,,,,,,
,,,,,,,,,,,,,,,,,,,,,,,,,,,,,,,,,,,,,,,,,,,,,,,,,,,,,,,
,,,,,,,,,,,,,,,,,,,,,,,,,,,,,,,,,,,,,,,,,,,,,,,,,,,,,,,
,,,,,,,,,,,,,,,,,,,,,,,,,,,,,,,,,,,,,,,,,,,,,,,,,,,,,,,
,,,,,,,,,,,,,,,,,,,,,,,,,,,,,,,,,,,,,,,,,,,,,,,,,,,,,,,
,,,,,,,,,,,,,,,,,,,,,,,,,,,,,,,,,,,,,,,,,,,,,,,,,,,,,,,
,,,,,,,,,,,,,,,,,,,,,,,,,,,,,,,,,,,,,,,,,,,,,,,,,,,,,,,
,,,,,,,,,,,,,,,,,,,,,,,,,,,,,,,,,,,,,,,,,,,,,,,,,,,,,,,
,,,,,,,,,,,,,,,,,,,,,,,,,,,,,,,,,,,,,,,,,,,,,,,,,,,,,,,
,,,,,,,,,,,,,,,,,,,,,,,,,,,,,,,,,,,,,,,,,,,,,,,,,,,,,,,
,,,,,,,,,,,,,,,,,,,,,,,,,,,,,,,,,,,,,,,,,,,,,,,,,,,,,,,
,,,,,,,,,,,,,,,,,,,,,,,,,,,,,,,,,,,,,,,,,,,,,,,,,,,,,,,
,,,,,,,,,,,,,,,,,,,,,,,,,,,,,,,,,,,,,,,,,,,,,,,,,,,,,,,
,,,,,,,,,,,,,,,,,,,,,,,,,,,,,,,,,,,,,,,,,,,,,,,,,,,,,,,
,,,,,,,,,,,,,,,,,,,,,,,,,,,,,,,,,,,,,,,,,,,,,,,,,,,,,,,
,,,,,,,,,,,,,,,,,,,,,,,,,,,,,,,,,,,,,,,,,,,,,,,,,,,,,,,
,,,,,,,,,,,,,,,,,,,,,,,,,,,,,,,,,,,,,,,,,,,,,,,,,,,,,,,
,,,,,,,,,,,,,,,,,,,,,,,,,,,,,,,,,,,,,,,,,,,,,,,,,,,,,,,
,,,,,,,,,,,,,,,,,,,,,,,,,,,,,,,,,,,,,,,,,,,,,,,,,,,,,,,
,,,,,,,,,,,,,,,,,,,,,,,,,,,,,,,,,,,,,,,,,,,,,,,,,,,,,,,
,,,,,,,,,,,,,,,,,,,,,,,,,,,,,,,,,,,,,,,,,,,,,,,,,,,,,,,
,,,,,,,,,,,,,,,,,,,,,,,,,,,,,,,,,,,,,,,,,,,,,,,,,,,,,,,
,,,,,,,,,,,,,,,,,,,,,,,,,,,,,,,,,,,,,,,,,,,,,,,,,,,,,,,
,,,,,,,,,,,,,,,,,,,,,,,,,,,,,,,,,,,,,,,,,,,,,,,,,,,,,,,
,,,,,,,,,,,,,,,,,,,,,,,,,,,,,,,,,,,,,,,,,,,,,,,,,,,,,,,
,,,,,,,,,,,,,,,,,,,,,,,,,,,,,,,,,,,,,,,,,,,,,,,,,,,,,,,
,,,,,,,,,,,,,,,,,,,,,,,,,,,,,,,,,,,,,,,,,,,,,,,,,,,,,,,
,,,,,,,,,,,,,,,,,,,,,,,,,,,,,,,,,,,,,,,,,,,,,,,,,,,,,,,
,,,,,,,,,,,,,,,,,,,,,,,,,,,,,,,,,,,,,,,,,,,,,,,,,,,,,,,
,,,,,,,,,,,,,,,,,,,,,,,,,,,,,,,,,,,,,,,,,,,,,,,,,,,,,,,
,,,,,,,,,,,,,,,,,,,,,,,,,,,,,,,,,,,,,,,,,,,,,,,,,,,,,,,
,,,,,,,,,,,,,,,,,,,,,,,,,,,,,,,,,,,,,,,,,,,,,,,,,,,,,,,
,,,,,,,,,,,,,,,,,,,,,,,,,,,,,,,,,,,,,,,,,,,,,,,,,,,,,,,
,,,,,,,,,,,,,,,,,,,,,,,,,,,,,,,,,,,,,,,,,,,,,,,,,,,,,,,
,,,,,,,,,,,,,,,,,,,,,,,,,,,,,,,,,,,,,,,,,,,,,,,,,,,,,,,
,,,,,,,,,,,,,,,,,,,,,,,,,,,,,,,,,,,,,,,,,,,,,,,,,,,,,,,
,,,,,,,,,,,,,,,,,,,,,,,,,,,,,,,,,,,,,,,,,,,,,,,,,,,,,,,
,,,,,,,,,,,,,,,,,,,,,,,,,,,,,,,,,,,,,,,,,,,,,,,,,,,,,,,
,,,,,,,,,,,,,,,,,,,,,,,,,,,,,,,,,,,,,,,,,,,,,,,,,,,,,,,
,,,,,,,,,,,,,,,,,,,,,,,,,,,,,,,,,,,,,,,,,,,,,,,,,,,,,,,
,,,,,,,,,,,,,,,,,,,,,,,,,,,,,,,,,,,,,,,,,,,,,,,,,,,,,,,
,,,,,,,,,,,,,,,,,,,,,,,,,,,,,,,,,,,,,,,,,,,,,,,,,,,,,,,
,,,,,,,,,,,,,,,,,,,,,,,,,,,,,,,,,,,,,,,,,,,,,,,,,,,,,,,
,,,,,,,,,,,,,,,,,,,,,,,,,,,,,,,,,,,,,,,,,,,,,,,,,,,,,,,
,,,,,,,,,,,,,,,,,,,,,,,,,,,,,,,,,,,,,,,,,,,,,,,,,,,,,,,
,,,,,,,,,,,,,,,,,,,,,,,,,,,,,,,,,,,,,,,,,,,,,,,,,,,,,,,
,,,,,,,,,,,,,,,,,,,,,,,,,,,,,,,,,,,,,,,,,,,,,,,,,,,,,,,
,,,,,,,,,,,,,,,,,,,,,,,,,,,,,,,,,,,,,,,,,,,,,,,,,,,,,,,
,,,,,,,,,,,,,,,,,,,,,,,,,,,,,,,,,,,,,,,,,,,,,,,,,,,,,,,
,,,,,,,,,,,,,,,,,,,,,,,,,,,,,,,,,,,,,,,,,,,,,,,,,,,,,,,
,,,,,,,,,,,,,,,,,,,,,,,,,,,,,,,,,,,,,,,,,,,,,,,,,,,,,,,
,,,,,,,,,,,,,,,,,,,,,,,,,,,,,,,,,,,,,,,,,,,,,,,,,,,,,,,
,,,,,,,,,,,,,,,,,,,,,,,,,,,,,,,,,,,,,,,,,,,,,,,,,,,,,,,
,,,,,,,,,,,,,,,,,,,,,,,,,,,,,,,,,,,,,,,,,,,,,,,,,,,,,,,
,,,,,,,,,,,,,,,,,,,,,,,,,,,,,,,,,,,,,,,,,,,,,,,,,,,,,,,
,,,,,,,,,,,,,,,,,,,,,,,,,,,,,,,,,,,,,,,,,,,,,,,,,,,,,,,
,,,,,,,,,,,,,,,,,,,,,,,,,,,,,,,,,,,,,,,,,,,,,,,,,,,,,,,
,,,,,,,,,,,,,,,,,,,,,,,,,,,,,,,,,,,,,,,,,,,,,,,,,,,,,,,
,,,,,,,,,,,,,,,,,,,,,,,,,,,,,,,,,,,,,,,,,,,,,,,,,,,,,,,
,,,,,,,,,,,,,,,,,,,,,,,,,,,,,,,,,,,,,,,,,,,,,,,,,,,,,,,
,,,,,,,,,,,,,,,,,,,,,,,,,,,,,,,,,,,,,,,,,,,,,,,,,,,,,,,
,,,,,,,,,,,,,,,,,,,,,,,,,,,,,,,,,,,,,,,,,,,,,,,,,,,,,,,
,,,,,,,,,,,,,,,,,,,,,,,,,,,,,,,,,,,,,,,,,,,,,,,,,,,,,,,
,,,,,,,,,,,,,,,,,,,,,,,,,,,,,,,,,,,,,,,,,,,,,,,,,,,,,,,
,,,,,,,,,,,,,,,,,,,,,,,,,,,,,,,,,,,,,,,,,,,,,,,,,,,,,,,
,,,,,,,,,,,,,,,,,,,,,,,,,,,,,,,,,,,,,,,,,,,,,,,,,,,,,,,
,,,,,,,,,,,,,,,,,,,,,,,,,,,,,,,,,,,,,,,,,,,,,,,,,,,,,,,
,,,,,,,,,,,,,,,,,,,,,,,,,,,,,,,,,,,,,,,,,,,,,,,,,,,,,,,
,,,,,,,,,,,,,,,,,,,,,,,,,,,,,,,,,,,,,,,,,,,,,,,,,,,,,,,
,,,,,,,,,,,,,,,,,,,,,,,,,,,,,,,,,,,,,,,,,,,,,,,,,,,,,,,
,,,,,,,,,,,,,,,,,,,,,,,,,,,,,,,,,,,,,,,,,,,,,,,,,,,,,,,
,,,,,,,,,,,,,,,,,,,,,,,,,,,,,,,,,,,,,,,,,,,,,,,,,,,,,,,
,,,,,,,,,,,,,,,,,,,,,,,,,,,,,,,,,,,,,,,,,,,,,,,,,,,,,,,
,,,,,,,,,,,,,,,,,,,,,,,,,,,,,,,,,,,,,,,,,,,,,,,,,,,,,,,
,,,,,,,,,,,,,,,,,,,,,,,,,,,,,,,,,,,,,,,,,,,,,,,,,,,,,,,
,,,,,,,,,,,,,,,,,,,,,,,,,,,,,,,,,,,,,,,,,,,,,,,,,,,,,,,
,,,,,,,,,,,,,,,,,,,,,,,,,,,,,,,,,,,,,,,,,,,,,,,,,,,,,,,
,,,,,,,,,,,,,,,,,,,,,,,,,,,,,,,,,,,,,,,,,,,,,,,,,,,,,,,
,,,,,,,,,,,,,,,,,,,,,,,,,,,,,,,,,,,,,,,,,,,,,,,,,,,,,,,
,,,,,,,,,,,,,,,,,,,,,,,,,,,,,,,,,,,,,,,,,,,,,,,,,,,,,,,
,,,,,,,,,,,,,,,,,,,,,,,,,,,,,,,,,,,,,,,,,,,,,,,,,,,,,,,
,,,,,,,,,,,,,,,,,,,,,,,,,,,,,,,,,,,,,,,,,,,,,,,,,,,,,,,
,,,,,,,,,,,,,,,,,,,,,,,,,,,,,,,,,,,,,,,,,,,,,,,,,,,,,,,
,,,,,,,,,,,,,,,,,,,,,,,,,,,,,,,,,,,,,,,,,,,,,,,,,,,,,,,
,,,,,,,,,,,,,,,,,,,,,,,,,,,,,,,,,,,,,,,,,,,,,,,,,,,,,,,
,,,,,,,,,,,,,,,,,,,,,,,,,,,,,,,,,,,,,,,,,,,,,,,,,,,,,,,
,,,,,,,,,,,,,,,,,,,,,,,,,,,,,,,,,,,,,,,,,,,,,,,,,,,,,,,
,,,,,,,,,,,,,,,,,,,,,,,,,,,,,,,,,,,,,,,,,,,,,,,,,,,,,,,
,,,,,,,,,,,,,,,,,,,,,,,,,,,,,,,,,,,,,,,,,,,,,,,,,,,,,,,
,,,,,,,,,,,,,,,,,,,,,,,,,,,,,,,,,,,,,,,,,,,,,,,,,,,,,,,
,,,,,,,,,,,,,,,,,,,,,,,,,,,,,,,,,,,,,,,,,,,,,,,,,,,,,,,
,,,,,,,,,,,,,,,,,,,,,,,,,,,,,,,,,,,,,,,,,,,,,,,,,,,,,,,
,,,,,,,,,,,,,,,,,,,,,,,,,,,,,,,,,,,,,,,,,,,,,,,,,,,,,,,
,,,,,,,,,,,,,,,,,,,,,,,,,,,,,,,,,,,,,,,,,,,,,,,,,,,,,,,
,,,,,,,,,,,,,,,,,,,,,,,,,,,,,,,,,,,,,,,,,,,,,,,,,,,,,,,
,,,,,,,,,,,,,,,,,,,,,,,,,,,,,,,,,,,,,,,,,,,,,,,,,,,,,,,
,,,,,,,,,,,,,,,,,,,,,,,,,,,,,,,,,,,,,,,,,,,,,,,,,,,,,,,
,,,,,,,,,,,,,,,,,,,,,,,,,,,,,,,,,,,,,,,,,,,,,,,,,,,,,,,
,,,,,,,,,,,,,,,,,,,,,,,,,,,,,,,,,,,,,,,,,,,,,,,,,,,,,,,
,,,,,,,,,,,,,,,,,,,,,,,,,,,,,,,,,,,,,,,,,,,,,,,,,,,,,,,
,,,,,,,,,,,,,,,,,,,,,,,,,,,,,,,,,,,,,,,,,,,,,,,,,,,,,,,
,,,,,,,,,,,,,,,,,,,,,,,,,,,,,,,,,,,,,,,,,,,,,,,,,,,,,,,
,,,,,,,,,,,,,,,,,,,,,,,,,,,,,,,,,,,,,,,,,,,,,,,,,,,,,,,
,,,,,,,,,,,,,,,,,,,,,,,,,,,,,,,,,,,,,,,,,,,,,,,,,,,,,,,
,,,,,,,,,,,,,,,,,,,,,,,,,,,,,,,,,,,,,,,,,,,,,,,,,,,,,,,
,,,,,,,,,,,,,,,,,,,,,,,,,,,,,,,,,,,,,,,,,,,,,,,,,,,,,,,
,,,,,,,,,,,,,,,,,,,,,,,,,,,,,,,,,,,,,,,,,,,,,,,,,,,,,,,
,,,,,,,,,,,,,,,,,,,,,,,,,,,,,,,,,,,,,,,,,,,,,,,,,,,,,,,
,,,,,,,,,,,,,,,,,,,,,,,,,,,,,,,,,,,,,,,,,,,,,,,,,,,,,,,
,,,,,,,,,,,,,,,,,,,,,,,,,,,,,,,,,,,,,,,,,,,,,,,,,,,,,,,
,,,,,,,,,,,,,,,,,,,,,,,,,,,,,,,,,,,,,,,,,,,,,,,,,,,,,,,
,,,,,,,,,,,,,,,,,,,,,,,,,,,,,,,,,,,,,,,,,,,,,,,,,,,,,,,
,,,,,,,,,,,,,,,,,,,,,,,,,,,,,,,,,,,,,,,,,,,,,,,,,,,,,,,
,,,,,,,,,,,,,,,,,,,,,,,,,,,,,,,,,,,,,,,,,,,,,,,,,,,,,,,
,,,,,,,,,,,,,,,,,,,,,,,,,,,,,,,,,,,,,,,,,,,,,,,,,,,,,,,
,,,,,,,,,,,,,,,,,,,,,,,,,,,,,,,,,,,,,,,,,,,,,,,,,,,,,,,
,,,,,,,,,,,,,,,,,,,,,,,,,,,,,,,,,,,,,,,,,,,,,,,,,,,,,,,
,,,,,,,,,,,,,,,,,,,,,,,,,,,,,,,,,,,,,,,,,,,,,,,,,,,,,,,
,,,,,,,,,,,,,,,,,,,,,,,,,,,,,,,,,,,,,,,,,,,,,,,,,,,,,,,
,,,,,,,,,,,,,,,,,,,,,,,,,,,,,,,,,,,,,,,,,,,,,,,,,,,,,,,
,,,,,,,,,,,,,,,,,,,,,,,,,,,,,,,,,,,,,,,,,,,,,,,,,,,,,,,
,,,,,,,,,,,,,,,,,,,,,,,,,,,,,,,,,,,,,,,,,,,,,,,,,,,,,,,
,,,,,,,,,,,,,,,,,,,,,,,,,,,,,,,,,,,,,,,,,,,,,,,,,,,,,,,
,,,,,,,,,,,,,,,,,,,,,,,,,,,,,,,,,,,,,,,,,,,,,,,,,,,,,,,
,,,,,,,,,,,,,,,,,,,,,,,,,,,,,,,,,,,,,,,,,,,,,,,,,,,,,,,
,,,,,,,,,,,,,,,,,,,,,,,,,,,,,,,,,,,,,,,,,,,,,,,,,,,,,,,
,,,,,,,,,,,,,,,,,,,,,,,,,,,,,,,,,,,,,,,,,,,,,,,,,,,,,,,
,,,,,,,,,,,,,,,,,,,,,,,,,,,,,,,,,,,,,,,,,,,,,,,,,,,,,,,
,,,,,,,,,,,,,,,,,,,,,,,,,,,,,,,,,,,,,,,,,,,,,,,,,,,,,,,
,,,,,,,,,,,,,,,,,,,,,,,,,,,,,,,,,,,,,,,,,,,,,,,,,,,,,,,
,,,,,,,,,,,,,,,,,,,,,,,,,,,,,,,,,,,,,,,,,,,,,,,,,,,,,,,
,,,,,,,,,,,,,,,,,,,,,,,,,,,,,,,,,,,,,,,,,,,,,,,,,,,,,,,
,,,,,,,,,,,,,,,,,,,,,,,,,,,,,,,,,,,,,,,,,,,,,,,,,,,,,,,
,,,,,,,,,,,,,,,,,,,,,,,,,,,,,,,,,,,,,,,,,,,,,,,,,,,,,,,
,,,,,,,,,,,,,,,,,,,,,,,,,,,,,,,,,,,,,,,,,,,,,,,,,,,,,,,
,,,,,,,,,,,,,,,,,,,,,,,,,,,,,,,,,,,,,,,,,,,,,,,,,,,,,,,
,,,,,,,,,,,,,,,,,,,,,,,,,,,,,,,,,,,,,,,,,,,,,,,,,,,,,,,
,,,,,,,,,,,,,,,,,,,,,,,,,,,,,,,,,,,,,,,,,,,,,,,,,,,,,,,
,,,,,,,,,,,,,,,,,,,,,,,,,,,,,,,,,,,,,,,,,,,,,,,,,,,,,,,
,,,,,,,,,,,,,,,,,,,,,,,,,,,,,,,,,,,,,,,,,,,,,,,,,,,,,,,
,,,,,,,,,,,,,,,,,,,,,,,,,,,,,,,,,,,,,,,,,,,,,,,,,,,,,,,
,,,,,,,,,,,,,,,,,,,,,,,,,,,,,,,,,,,,,,,,,,,,,,,,,,,,,,,
,,,,,,,,,,,,,,,,,,,,,,,,,,,,,,,,,,,,,,,,,,,,,,,,,,,,,,,
,,,,,,,,,,,,,,,,,,,,,,,,,,,,,,,,,,,,,,,,,,,,,,,,,,,,,,,
,,,,,,,,,,,,,,,,,,,,,,,,,,,,,,,,,,,,,,,,,,,,,,,,,,,,,,,
,,,,,,,,,,,,,,,,,,,,,,,,,,,,,,,,,,,,,,,,,,,,,,,,,,,,,,,
,,,,,,,,,,,,,,,,,,,,,,,,,,,,,,,,,,,,,,,,,,,,,,,,,,,,,,,
,,,,,,,,,,,,,,,,,,,,,,,,,,,,,,,,,,,,,,,,,,,,,,,,,,,,,,,
,,,,,,,,,,,,,,,,,,,,,,,,,,,,,,,,,,,,,,,,,,,,,,,,,,,,,,,
,,,,,,,,,,,,,,,,,,,,,,,,,,,,,,,,,,,,,,,,,,,,,,,,,,,,,,,
,,,,,,,,,,,,,,,,,,,,,,,,,,,,,,,,,,,,,,,,,,,,,,,,,,,,,,,
,,,,,,,,,,,,,,,,,,,,,,,,,,,,,,,,,,,,,,,,,,,,,,,,,,,,,,,
,,,,,,,,,,,,,,,,,,,,,,,,,,,,,,,,,,,,,,,,,,,,,,,,,,,,,,,
,,,,,,,,,,,,,,,,,,,,,,,,,,,,,,,,,,,,,,,,,,,,,,,,,,,,,,,
,,,,,,,,,,,,,,,,,,,,,,,,,,,,,,,,,,,,,,,,,,,,,,,,,,,,,,,
,,,,,,,,,,,,,,,,,,,,,,,,,,,,,,,,,,,,,,,,,,,,,,,,,,,,,,,
,,,,,,,,,,,,,,,,,,,,,,,,,,,,,,,,,,,,,,,,,,,,,,,,,,,,,,,
,,,,,,,,,,,,,,,,,,,,,,,,,,,,,,,,,,,,,,,,,,,,,,,,,,,,,,,
,,,,,,,,,,,,,,,,,,,,,,,,,,,,,,,,,,,,,,,,,,,,,,,,,,,,,,,
,,,,,,,,,,,,,,,,,,,,,,,,,,,,,,,,,,,,,,,,,,,,,,,,,,,,,,,
,,,,,,,,,,,,,,,,,,,,,,,,,,,,,,,,,,,,,,,,,,,,,,,,,,,,,,,
,,,,,,,,,,,,,,,,,,,,,,,,,,,,,,,,,,,,,,,,,,,,,,,,,,,,,,,
,,,,,,,,,,,,,,,,,,,,,,,,,,,,,,,,,,,,,,,,,,,,,,,,,,,,,,,
,,,,,,,,,,,,,,,,,,,,,,,,,,,,,,,,,,,,,,,,,,,,,,,,,,,,,,,
,,,,,,,,,,,,,,,,,,,,,,,,,,,,,,,,,,,,,,,,,,,,,,,,,,,,,,,
,,,,,,,,,,,,,,,,,,,,,,,,,,,,,,,,,,,,,,,,,,,,,,,,,,,,,,,
,,,,,,,,,,,,,,,,,,,,,,,,,,,,,,,,,,,,,,,,,,,,,,,,,,,,,,,
,,,,,,,,,,,,,,,,,,,,,,,,,,,,,,,,,,,,,,,,,,,,,,,,,,,,,,,
,,,,,,,,,,,,,,,,,,,,,,,,,,,,,,,,,,,,,,,,,,,,,,,,,,,,,,,
,,,,,,,,,,,,,,,,,,,,,,,,,,,,,,,,,,,,,,,,,,,,,,,,,,,,,,,
,,,,,,,,,,,,,,,,,,,,,,,,,,,,,,,,,,,,,,,,,,,,,,,,,,,,,,,
,,,,,,,,,,,,,,,,,,,,,,,,,,,,,,,,,,,,,,,,,,,,,,,,,,,,,,,
,,,,,,,,,,,,,,,,,,,,,,,,,,,,,,,,,,,,,,,,,,,,,,,,,,,,,,,
,,,,,,,,,,,,,,,,,,,,,,,,,,,,,,,,,,,,,,,,,,,,,,,,,,,,,,,
,,,,,,,,,,,,,,,,,,,,,,,,,,,,,,,,,,,,,,,,,,,,,,,,,,,,,,,
,,,,,,,,,,,,,,,,,,,,,,,,,,,,,,,,,,,,,,,,,,,,,,,,,,,,,,,
,,,,,,,,,,,,,,,,,,,,,,,,,,,,,,,,,,,,,,,,,,,,,,,,,,,,,,,
,,,,,,,,,,,,,,,,,,,,,,,,,,,,,,,,,,,,,,,,,,,,,,,,,,,,,,,
,,,,,,,,,,,,,,,,,,,,,,,,,,,,,,,,,,,,,,,,,,,,,,,,,,,,,,,
,,,,,,,,,,,,,,,,,,,,,,,,,,,,,,,,,,,,,,,,,,,,,,,,,,,,,,,
,,,,,,,,,,,,,,,,,,,,,,,,,,,,,,,,,,,,,,,,,,,,,,,,,,,,,,,
,,,,,,,,,,,,,,,,,,,,,,,,,,,,,,,,,,,,,,,,,,,,,,,,,,,,,,,
,,,,,,,,,,,,,,,,,,,,,,,,,,,,,,,,,,,,,,,,,,,,,,,,,,,,,,,
,,,,,,,,,,,,,,,,,,,,,,,,,,,,,,,,,,,,,,,,,,,,,,,,,,,,,,,
,,,,,,,,,,,,,,,,,,,,,,,,,,,,,,,,,,,,,,,,,,,,,,,,,,,,,,,
,,,,,,,,,,,,,,,,,,,,,,,,,,,,,,,,,,,,,,,,,,,,,,,,,,,,,,,
,,,,,,,,,,,,,,,,,,,,,,,,,,,,,,,,,,,,,,,,,,,,,,,,,,,,,,,
,,,,,,,,,,,,,,,,,,,,,,,,,,,,,,,,,,,,,,,,,,,,,,,,,,,,,,,
,,,,,,,,,,,,,,,,,,,,,,,,,,,,,,,,,,,,,,,,,,,,,,,,,,,,,,,
,,,,,,,,,,,,,,,,,,,,,,,,,,,,,,,,,,,,,,,,,,,,,,,,,,,,,,,
,,,,,,,,,,,,,,,,,,,,,,,,,,,,,,,,,,,,,,,,,,,,,,,,,,,,,,,
,,,,,,,,,,,,,,,,,,,,,,,,,,,,,,,,,,,,,,,,,,,,,,,,,,,,,,,
,,,,,,,,,,,,,,,,,,,,,,,,,,,,,,,,,,,,,,,,,,,,,,,,,,,,,,,
,,,,,,,,,,,,,,,,,,,,,,,,,,,,,,,,,,,,,,,,,,,,,,,,,,,,,,,
,,,,,,,,,,,,,,,,,,,,,,,,,,,,,,,,,,,,,,,,,,,,,,,,,,,,,,,
,,,,,,,,,,,,,,,,,,,,,,,,,,,,,,,,,,,,,,,,,,,,,,,,,,,,,,,
,,,,,,,,,,,,,,,,,,,,,,,,,,,,,,,,,,,,,,,,,,,,,,,,,,,,,,,
,,,,,,,,,,,,,,,,,,,,,,,,,,,,,,,,,,,,,,,,,,,,,,,,,,,,,,,
,,,,,,,,,,,,,,,,,,,,,,,,,,,,,,,,,,,,,,,,,,,,,,,,,,,,,,,
,,,,,,,,,,,,,,,,,,,,,,,,,,,,,,,,,,,,,,,,,,,,,,,,,,,,,,,
,,,,,,,,,,,,,,,,,,,,,,,,,,,,,,,,,,,,,,,,,,,,,,,,,,,,,,,
,,,,,,,,,,,,,,,,,,,,,,,,,,,,,,,,,,,,,,,,,,,,,,,,,,,,,,,
,,,,,,,,,,,,,,,,,,,,,,,,,,,,,,,,,,,,,,,,,,,,,,,,,,,,,,,
,,,,,,,,,,,,,,,,,,,,,,,,,,,,,,,,,,,,,,,,,,,,,,,,,,,,,,,
,,,,,,,,,,,,,,,,,,,,,,,,,,,,,,,,,,,,,,,,,,,,,,,,,,,,,,,
,,,,,,,,,,,,,,,,,,,,,,,,,,,,,,,,,,,,,,,,,,,,,,,,,,,,,,,
,,,,,,,,,,,,,,,,,,,,,,,,,,,,,,,,,,,,,,,,,,,,,,,,,,,,,,,
,,,,,,,,,,,,,,,,,,,,,,,,,,,,,,,,,,,,,,,,,,,,,,,,,,,,,,,
,,,,,,,,,,,,,,,,,,,,,,,,,,,,,,,,,,,,,,,,,,,,,,,,,,,,,,,
,,,,,,,,,,,,,,,,,,,,,,,,,,,,,,,,,,,,,,,,,,,,,,,,,,,,,,,
,,,,,,,,,,,,,,,,,,,,,,,,,,,,,,,,,,,,,,,,,,,,,,,,,,,,,,,
,,,,,,,,,,,,,,,,,,,,,,,,,,,,,,,,,,,,,,,,,,,,,,,,,,,,,,,
,,,,,,,,,,,,,,,,,,,,,,,,,,,,,,,,,,,,,,,,,,,,,,,,,,,,,,,
,,,,,,,,,,,,,,,,,,,,,,,,,,,,,,,,,,,,,,,,,,,,,,,,,,,,,,,
,,,,,,,,,,,,,,,,,,,,,,,,,,,,,,,,,,,,,,,,,,,,,,,,,,,,,,,
,,,,,,,,,,,,,,,,,,,,,,,,,,,,,,,,,,,,,,,,,,,,,,,,,,,,,,,
,,,,,,,,,,,,,,,,,,,,,,,,,,,,,,,,,,,,,,,,,,,,,,,,,,,,,,,
,,,,,,,,,,,,,,,,,,,,,,,,,,,,,,,,,,,,,,,,,,,,,,,,,,,,,,,
,,,,,,,,,,,,,,,,,,,,,,,,,,,,,,,,,,,,,,,,,,,,,,,,,,,,,,,
,,,,,,,,,,,,,,,,,,,,,,,,,,,,,,,,,,,,,,,,,,,,,,,,,,,,,,,
,,,,,,,,,,,,,,,,,,,,,,,,,,,,,,,,,,,,,,,,,,,,,,,,,,,,,,,
,,,,,,,,,,,,,,,,,,,,,,,,,,,,,,,,,,,,,,,,,,,,,,,,,,,,,,,
,,,,,,,,,,,,,,,,,,,,,,,,,,,,,,,,,,,,,,,,,,,,,,,,,,,,,,,
,,,,,,,,,,,,,,,,,,,,,,,,,,,,,,,,,,,,,,,,,,,,,,,,,,,,,,,
,,,,,,,,,,,,,,,,,,,,,,,,,,,,,,,,,,,,,,,,,,,,,,,,,,,,,,,
,,,,,,,,,,,,,,,,,,,,,,,,,,,,,,,,,,,,,,,,,,,,,,,,,,,,,,,
,,,,,,,,,,,,,,,,,,,,,,,,,,,,,,,,,,,,,,,,,,,,,,,,,,,,,,,
,,,,,,,,,,,,,,,,,,,,,,,,,,,,,,,,,,,,,,,,,,,,,,,,,,,,,,,
,,,,,,,,,,,,,,,,,,,,,,,,,,,,,,,,,,,,,,,,,,,,,,,,,,,,,,,
,,,,,,,,,,,,,,,,,,,,,,,,,,,,,,,,,,,,,,,,,,,,,,,,,,,,,,,
,,,,,,,,,,,,,,,,,,,,,,,,,,,,,,,,,,,,,,,,,,,,,,,,,,,,,,,
,,,,,,,,,,,,,,,,,,,,,,,,,,,,,,,,,,,,,,,,,,,,,,,,,,,,,,,
,,,,,,,,,,,,,,,,,,,,,,,,,,,,,,,,,,,,,,,,,,,,,,,,,,,,,,,
,,,,,,,,,,,,,,,,,,,,,,,,,,,,,,,,,,,,,,,,,,,,,,,,,,,,,,,
,,,,,,,,,,,,,,,,,,,,,,,,,,,,,,,,,,,,,,,,,,,,,,,,,,,,,,,
,,,,,,,,,,,,,,,,,,,,,,,,,,,,,,,,,,,,,,,,,,,,,,,,,,,,,,,
,,,,,,,,,,,,,,,,,,,,,,,,,,,,,,,,,,,,,,,,,,,,,,,,,,,,,,,
,,,,,,,,,,,,,,,,,,,,,,,,,,,,,,,,,,,,,,,,,,,,,,,,,,,,,,,
,,,,,,,,,,,,,,,,,,,,,,,,,,,,,,,,,,,,,,,,,,,,,,,,,,,,,,,
,,,,,,,,,,,,,,,,,,,,,,,,,,,,,,,,,,,,,,,,,,,,,,,,,,,,,,,
,,,,,,,,,,,,,,,,,,,,,,,,,,,,,,,,,,,,,,,,,,,,,,,,,,,,,,,
,,,,,,,,,,,,,,,,,,,,,,,,,,,,,,,,,,,,,,,,,,,,,,,,,,,,,,,
,,,,,,,,,,,,,,,,,,,,,,,,,,,,,,,,,,,,,,,,,,,,,,,,,,,,,,,
,,,,,,,,,,,,,,,,,,,,,,,,,,,,,,,,,,,,,,,,,,,,,,,,,,,,,,,
,,,,,,,,,,,,,,,,,,,,,,,,,,,,,,,,,,,,,,,,,,,,,,,,,,,,,,,
,,,,,,,,,,,,,,,,,,,,,,,,,,,,,,,,,,,,,,,,,,,,,,,,,,,,,,,
,,,,,,,,,,,,,,,,,,,,,,,,,,,,,,,,,,,,,,,,,,,,,,,,,,,,,,,
,,,,,,,,,,,,,,,,,,,,,,,,,,,,,,,,,,,,,,,,,,,,,,,,,,,,,,,
,,,,,,,,,,,,,,,,,,,,,,,,,,,,,,,,,,,,,,,,,,,,,,,,,,,,,,,
,,,,,,,,,,,,,,,,,,,,,,,,,,,,,,,,,,,,,,,,,,,,,,,,,,,,,,,
,,,,,,,,,,,,,,,,,,,,,,,,,,,,,,,,,,,,,,,,,,,,,,,,,,,,,,,
,,,,,,,,,,,,,,,,,,,,,,,,,,,,,,,,,,,,,,,,,,,,,,,,,,,,,,,
,,,,,,,,,,,,,,,,,,,,,,,,,,,,,,,,,,,,,,,,,,,,,,,,,,,,,,,
,,,,,,,,,,,,,,,,,,,,,,,,,,,,,,,,,,,,,,,,,,,,,,,,,,,,,,,
,,,,,,,,,,,,,,,,,,,,,,,,,,,,,,,,,,,,,,,,,,,,,,,,,,,,,,,
,,,,,,,,,,,,,,,,,,,,,,,,,,,,,,,,,,,,,,,,,,,,,,,,,,,,,,,
,,,,,,,,,,,,,,,,,,,,,,,,,,,,,,,,,,,,,,,,,,,,,,,,,,,,,,,
,,,,,,,,,,,,,,,,,,,,,,,,,,,,,,,,,,,,,,,,,,,,,,,,,,,,,,,
,,,,,,,,,,,,,,,,,,,,,,,,,,,,,,,,,,,,,,,,,,,,,,,,,,,,,,,
,,,,,,,,,,,,,,,,,,,,,,,,,,,,,,,,,,,,,,,,,,,,,,,,,,,,,,,
,,,,,,,,,,,,,,,,,,,,,,,,,,,,,,,,,,,,,,,,,,,,,,,,,,,,,,,
,,,,,,,,,,,,,,,,,,,,,,,,,,,,,,,,,,,,,,,,,,,,,,,,,,,,,,,
,,,,,,,,,,,,,,,,,,,,,,,,,,,,,,,,,,,,,,,,,,,,,,,,,,,,,,,
,,,,,,,,,,,,,,,,,,,,,,,,,,,,,,,,,,,,,,,,,,,,,,,,,,,,,,,
,,,,,,,,,,,,,,,,,,,,,,,,,,,,,,,,,,,,,,,,,,,,,,,,,,,,,,,
,,,,,,,,,,,,,,,,,,,,,,,,,,,,,,,,,,,,,,,,,,,,,,,,,,,,,,,
,,,,,,,,,,,,,,,,,,,,,,,,,,,,,,,,,,,,,,,,,,,,,,,,,,,,,,,
,,,,,,,,,,,,,,,,,,,,,,,,,,,,,,,,,,,,,,,,,,,,,,,,,,,,,,,
,,,,,,,,,,,,,,,,,,,,,,,,,,,,,,,,,,,,,,,,,,,,,,,,,,,,,,,
,,,,,,,,,,,,,,,,,,,,,,,,,,,,,,,,,,,,,,,,,,,,,,,,,,,,,,,
,,,,,,,,,,,,,,,,,,,,,,,,,,,,,,,,,,,,,,,,,,,,,,,,,,,,,,,
,,,,,,,,,,,,,,,,,,,,,,,,,,,,,,,,,,,,,,,,,,,,,,,,,,,,,,,
,,,,,,,,,,,,,,,,,,,,,,,,,,,,,,,,,,,,,,,,,,,,,,,,,,,,,,,
,,,,,,,,,,,,,,,,,,,,,,,,,,,,,,,,,,,,,,,,,,,,,,,,,,,,,,,
,,,,,,,,,,,,,,,,,,,,,,,,,,,,,,,,,,,,,,,,,,,,,,,,,,,,,,,
,,,,,,,,,,,,,,,,,,,,,,,,,,,,,,,,,,,,,,,,,,,,,,,,,,,,,,,
,,,,,,,,,,,,,,,,,,,,,,,,,,,,,,,,,,,,,,,,,,,,,,,,,,,,,,,
,,,,,,,,,,,,,,,,,,,,,,,,,,,,,,,,,,,,,,,,,,,,,,,,,,,,,,,
,,,,,,,,,,,,,,,,,,,,,,,,,,,,,,,,,,,,,,,,,,,,,,,,,,,,,,,
,,,,,,,,,,,,,,,,,,,,,,,,,,,,,,,,,,,,,,,,,,,,,,,,,,,,,,,
,,,,,,,,,,,,,,,,,,,,,,,,,,,,,,,,,,,,,,,,,,,,,,,,,,,,,,,
,,,,,,,,,,,,,,,,,,,,,,,,,,,,,,,,,,,,,,,,,,,,,,,,,,,,,,,
,,,,,,,,,,,,,,,,,,,,,,,,,,,,,,,,,,,,,,,,,,,,,,,,,,,,,,,
,,,,,,,,,,,,,,,,,,,,,,,,,,,,,,,,,,,,,,,,,,,,,,,,,,,,,,,
,,,,,,,,,,,,,,,,,,,,,,,,,,,,,,,,,,,,,,,,,,,,,,,,,,,,,,,
,,,,,,,,,,,,,,,,,,,,,,,,,,,,,,,,,,,,,,,,,,,,,,,,,,,,,,,
,,,,,,,,,,,,,,,,,,,,,,,,,,,,,,,,,,,,,,,,,,,,,,,,,,,,,,,
,,,,,,,,,,,,,,,,,,,,,,,,,,,,,,,,,,,,,,,,,,,,,,,,,,,,,,,
,,,,,,,,,,,,,,,,,,,,,,,,,,,,,,,,,,,,,,,,,,,,,,,,,,,,,,,
,,,,,,,,,,,,,,,,,,,,,,,,,,,,,,,,,,,,,,,,,,,,,,,,,,,,,,,
,,,,,,,,,,,,,,,,,,,,,,,,,,,,,,,,,,,,,,,,,,,,,,,,,,,,,,,
,,,,,,,,,,,,,,,,,,,,,,,,,,,,,,,,,,,,,,,,,,,,,,,,,,,,,,,
,,,,,,,,,,,,,,,,,,,,,,,,,,,,,,,,,,,,,,,,,,,,,,,,,,,,,,,
,,,,,,,,,,,,,,,,,,,,,,,,,,,,,,,,,,,,,,,,,,,,,,,,,,,,,,,
,,,,,,,,,,,,,,,,,,,,,,,,,,,,,,,,,,,,,,,,,,,,,,,,,,,,,,,
,,,,,,,,,,,,,,,,,,,,,,,,,,,,,,,,,,,,,,,,,,,,,,,,,,,,,,,
,,,,,,,,,,,,,,,,,,,,,,,,,,,,,,,,,,,,,,,,,,,,,,,,,,,,,,,
,,,,,,,,,,,,,,,,,,,,,,,,,,,,,,,,,,,,,,,,,,,,,,,,,,,,,,,
,,,,,,,,,,,,,,,,,,,,,,,,,,,,,,,,,,,,,,,,,,,,,,,,,,,,,,,
,,,,,,,,,,,,,,,,,,,,,,,,,,,,,,,,,,,,,,,,,,,,,,,,,,,,,,,
,,,,,,,,,,,,,,,,,,,,,,,,,,,,,,,,,,,,,,,,,,,,,,,,,,,,,,,
,,,,,,,,,,,,,,,,,,,,,,,,,,,,,,,,,,,,,,,,,,,,,,,,,,,,,,,
,,,,,,,,,,,,,,,,,,,,,,,,,,,,,,,,,,,,,,,,,,,,,,,,,,,,,,,
,,,,,,,,,,,,,,,,,,,,,,,,,,,,,,,,,,,,,,,,,,,,,,,,,,,,,,,
,,,,,,,,,,,,,,,,,,,,,,,,,,,,,,,,,,,,,,,,,,,,,,,,,,,,,,,
,,,,,,,,,,,,,,,,,,,,,,,,,,,,,,,,,,,,,,,,,,,,,,,,,,,,,,,
,,,,,,,,,,,,,,,,,,,,,,,,,,,,,,,,,,,,,,,,,,,,,,,,,,,,,,,
,,,,,,,,,,,,,,,,,,,,,,,,,,,,,,,,,,,,,,,,,,,,,,,,,,,,,,,
,,,,,,,,,,,,,,,,,,,,,,,,,,,,,,,,,,,,,,,,,,,,,,,,,,,,,,,
,,,,,,,,,,,,,,,,,,,,,,,,,,,,,,,,,,,,,,,,,,,,,,,,,,,,,,,
,,,,,,,,,,,,,,,,,,,,,,,,,,,,,,,,,,,,,,,,,,,,,,,,,,,,,,,
,,,,,,,,,,,,,,,,,,,,,,,,,,,,,,,,,,,,,,,,,,,,,,,,,,,,,,,
,,,,,,,,,,,,,,,,,,,,,,,,,,,,,,,,,,,,,,,,,,,,,,,,,,,,,,,
,,,,,,,,,,,,,,,,,,,,,,,,,,,,,,,,,,,,,,,,,,,,,,,,,,,,,,,
,,,,,,,,,,,,,,,,,,,,,,,,,,,,,,,,,,,,,,,,,,,,,,,,,,,,,,,
,,,,,,,,,,,,,,,,,,,,,,,,,,,,,,,,,,,,,,,,,,,,,,,,,,,,,,,
,,,,,,,,,,,,,,,,,,,,,,,,,,,,,,,,,,,,,,,,,,,,,,,,,,,,,,,
,,,,,,,,,,,,,,,,,,,,,,,,,,,,,,,,,,,,,,,,,,,,,,,,,,,,,,,
,,,,,,,,,,,,,,,,,,,,,,,,,,,,,,,,,,,,,,,,,,,,,,,,,,,,,,,
,,,,,,,,,,,,,,,,,,,,,,,,,,,,,,,,,,,,,,,,,,,,,,,,,,,,,,,
,,,,,,,,,,,,,,,,,,,,,,,,,,,,,,,,,,,,,,,,,,,,,,,,,,,,,,,
,,,,,,,,,,,,,,,,,,,,,,,,,,,,,,,,,,,,,,,,,,,,,,,,,,,,,,,
,,,,,,,,,,,,,,,,,,,,,,,,,,,,,,,,,,,,,,,,,,,,,,,,,,,,,,,
,,,,,,,,,,,,,,,,,,,,,,,,,,,,,,,,,,,,,,,,,,,,,,,,,,,,,,,
,,,,,,,,,,,,,,,,,,,,,,,,,,,,,,,,,,,,,,,,,,,,,,,,,,,,,,,
,,,,,,,,,,,,,,,,,,,,,,,,,,,,,,,,,,,,,,,,,,,,,,,,,,,,,,,
,,,,,,,,,,,,,,,,,,,,,,,,,,,,,,,,,,,,,,,,,,,,,,,,,,,,,,,
,,,,,,,,,,,,,,,,,,,,,,,,,,,,,,,,,,,,,,,,,,,,,,,,,,,,,,,
,,,,,,,,,,,,,,,,,,,,,,,,,,,,,,,,,,,,,,,,,,,,,,,,,,,,,,,
,,,,,,,,,,,,,,,,,,,,,,,,,,,,,,,,,,,,,,,,,,,,,,,,,,,,,,,
,,,,,,,,,,,,,,,,,,,,,,,,,,,,,,,,,,,,,,,,,,,,,,,,,,,,,,,
,,,,,,,,,,,,,,,,,,,,,,,,,,,,,,,,,,,,,,,,,,,,,,,,,,,,,,,
,,,,,,,,,,,,,,,,,,,,,,,,,,,,,,,,,,,,,,,,,,,,,,,,,,,,,,,
,,,,,,,,,,,,,,,,,,,,,,,,,,,,,,,,,,,,,,,,,,,,,,,,,,,,,,,
,,,,,,,,,,,,,,,,,,,,,,,,,,,,,,,,,,,,,,,,,,,,,,,,,,,,,,,
,,,,,,,,,,,,,,,,,,,,,,,,,,,,,,,,,,,,,,,,,,,,,,,,,,,,,,,
,,,,,,,,,,,,,,,,,,,,,,,,,,,,,,,,,,,,,,,,,,,,,,,,,,,,,,,
,,,,,,,,,,,,,,,,,,,,,,,,,,,,,,,,,,,,,,,,,,,,,,,,,,,,,,,
,,,,,,,,,,,,,,,,,,,,,,,,,,,,,,,,,,,,,,,,,,,,,,,,,,,,,,,
,,,,,,,,,,,,,,,,,,,,,,,,,,,,,,,,,,,,,,,,,,,,,,,,,,,,,,,
,,,,,,,,,,,,,,,,,,,,,,,,,,,,,,,,,,,,,,,,,,,,,,,,,,,,,,,
,,,,,,,,,,,,,,,,,,,,,,,,,,,,,,,,,,,,,,,,,,,,,,,,,,,,,,,
,,,,,,,,,,,,,,,,,,,,,,,,,,,,,,,,,,,,,,,,,,,,,,,,,,,,,,,
,,,,,,,,,,,,,,,,,,,,,,,,,,,,,,,,,,,,,,,,,,,,,,,,,,,,,,,
,,,,,,,,,,,,,,,,,,,,,,,,,,,,,,,,,,,,,,,,,,,,,,,,,,,,,,,
,,,,,,,,,,,,,,,,,,,,,,,,,,,,,,,,,,,,,,,,,,,,,,,,,,,,,,,
,,,,,,,,,,,,,,,,,,,,,,,,,,,,,,,,,,,,,,,,,,,,,,,,,,,,,,,
,,,,,,,,,,,,,,,,,,,,,,,,,,,,,,,,,,,,,,,,,,,,,,,,,,,,,,,
,,,,,,,,,,,,,,,,,,,,,,,,,,,,,,,,,,,,,,,,,,,,,,,,,,,,,,,
,,,,,,,,,,,,,,,,,,,,,,,,,,,,,,,,,,,,,,,,,,,,,,,,,,,,,,,
,,,,,,,,,,,,,,,,,,,,,,,,,,,,,,,,,,,,,,,,,,,,,,,,,,,,,,,
,,,,,,,,,,,,,,,,,,,,,,,,,,,,,,,,,,,,,,,,,,,,,,,,,,,,,,,
,,,,,,,,,,,,,,,,,,,,,,,,,,,,,,,,,,,,,,,,,,,,,,,,,,,,,,,
,,,,,,,,,,,,,,,,,,,,,,,,,,,,,,,,,,,,,,,,,,,,,,,,,,,,,,,
,,,,,,,,,,,,,,,,,,,,,,,,,,,,,,,,,,,,,,,,,,,,,,,,,,,,,,,
,,,,,,,,,,,,,,,,,,,,,,,,,,,,,,,,,,,,,,,,,,,,,,,,,,,,,,,
,,,,,,,,,,,,,,,,,,,,,,,,,,,,,,,,,,,,,,,,,,,,,,,,,,,,,,,
,,,,,,,,,,,,,,,,,,,,,,,,,,,,,,,,,,,,,,,,,,,,,,,,,,,,,,,
,,,,,,,,,,,,,,,,,,,,,,,,,,,,,,,,,,,,,,,,,,,,,,,,,,,,,,,
,,,,,,,,,,,,,,,,,,,,,,,,,,,,,,,,,,,,,,,,,,,,,,,,,,,,,,,
,,,,,,,,,,,,,,,,,,,,,,,,,,,,,,,,,,,,,,,,,,,,,,,,,,,,,,,
,,,,,,,,,,,,,,,,,,,,,,,,,,,,,,,,,,,,,,,,,,,,,,,,,,,,,,,
,,,,,,,,,,,,,,,,,,,,,,,,,,,,,,,,,,,,,,,,,,,,,,,,,,,,,,,
,,,,,,,,,,,,,,,,,,,,,,,,,,,,,,,,,,,,,,,,,,,,,,,,,,,,,,,
,,,,,,,,,,,,,,,,,,,,,,,,,,,,,,,,,,,,,,,,,,,,,,,,,,,,,,,
,,,,,,,,,,,,,,,,,,,,,,,,,,,,,,,,,,,,,,,,,,,,,,,,,,,,,,,
,,,,,,,,,,,,,,,,,,,,,,,,,,,,,,,,,,,,,,,,,,,,,,,,,,,,,,,
,,,,,,,,,,,,,,,,,,,,,,,,,,,,,,,,,,,,,,,,,,,,,,,,,,,,,,,
,,,,,,,,,,,,,,,,,,,,,,,,,,,,,,,,,,,,,,,,,,,,,,,,,,,,,,,
,,,,,,,,,,,,,,,,,,,,,,,,,,,,,,,,,,,,,,,,,,,,,,,,,,,,,,,
,,,,,,,,,,,,,,,,,,,,,,,,,,,,,,,,,,,,,,,,,,,,,,,,,,,,,,,
,,,,,,,,,,,,,,,,,,,,,,,,,,,,,,,,,,,,,,,,,,,,,,,,,,,,,,,
,,,,,,,,,,,,,,,,,,,,,,,,,,,,,,,,,,,,,,,,,,,,,,,,,,,,,,,
,,,,,,,,,,,,,,,,,,,,,,,,,,,,,,,,,,,,,,,,,,,,,,,,,,,,,,,
,,,,,,,,,,,,,,,,,,,,,,,,,,,,,,,,,,,,,,,,,,,,,,,,,,,,,,,
,,,,,,,,,,,,,,,,,,,,,,,,,,,,,,,,,,,,,,,,,,,,,,,,,,,,,,,
,,,,,,,,,,,,,,,,,,,,,,,,,,,,,,,,,,,,,,,,,,,,,,,,,,,,,,,
,,,,,,,,,,,,,,,,,,,,,,,,,,,,,,,,,,,,,,,,,,,,,,,,,,,,,,,
,,,,,,,,,,,,,,,,,,,,,,,,,,,,,,,,,,,,,,,,,,,,,,,,,,,,,,,
,,,,,,,,,,,,,,,,,,,,,,,,,,,,,,,,,,,,,,,,,,,,,,,,,,,,,,,
,,,,,,,,,,,,,,,,,,,,,,,,,,,,,,,,,,,,,,,,,,,,,,,,,,,,,,,
,,,,,,,,,,,,,,,,,,,,,,,,,,,,,,,,,,,,,,,,,,,,,,,,,,,,,,,
,,,,,,,,,,,,,,,,,,,,,,,,,,,,,,,,,,,,,,,,,,,,,,,,,,,,,,,
,,,,,,,,,,,,,,,,,,,,,,,,,,,,,,,,,,,,,,,,,,,,,,,,,,,,,,,
,,,,,,,,,,,,,,,,,,,,,,,,,,,,,,,,,,,,,,,,,,,,,,,,,,,,,,,
,,,,,,,,,,,,,,,,,,,,,,,,,,,,,,,,,,,,,,,,,,,,,,,,,,,,,,,
,,,,,,,,,,,,,,,,,,,,,,,,,,,,,,,,,,,,,,,,,,,,,,,,,,,,,,,
,,,,,,,,,,,,,,,,,,,,,,,,,,,,,,,,,,,,,,,,,,,,,,,,,,,,,,,
,,,,,,,,,,,,,,,,,,,,,,,,,,,,,,,,,,,,,,,,,,,,,,,,,,,,,,,
,,,,,,,,,,,,,,,,,,,,,,,,,,,,,,,,,,,,,,,,,,,,,,,,,,,,,,,
,,,,,,,,,,,,,,,,,,,,,,,,,,,,,,,,,,,,,,,,,,,,,,,,,,,,,,,
,,,,,,,,,,,,,,,,,,,,,,,,,,,,,,,,,,,,,,,,,,,,,,,,,,,,,,,
,,,,,,,,,,,,,,,,,,,,,,,,,,,,,,,,,,,,,,,,,,,,,,,,,,,,,,,
,,,,,,,,,,,,,,,,,,,,,,,,,,,,,,,,,,,,,,,,,,,,,,,,,,,,,,,
,,,,,,,,,,,,,,,,,,,,,,,,,,,,,,,,,,,,,,,,,,,,,,,,,,,,,,,
,,,,,,,,,,,,,,,,,,,,,,,,,,,,,,,,,,,,,,,,,,,,,,,,,,,,,,,
,,,,,,,,,,,,,,,,,,,,,,,,,,,,,,,,,,,,,,,,,,,,,,,,,,,,,,,
,,,,,,,,,,,,,,,,,,,,,,,,,,,,,,,,,,,,,,,,,,,,,,,,,,,,,,,
,,,,,,,,,,,,,,,,,,,,,,,,,,,,,,,,,,,,,,,,,,,,,,,,,,,,,,,
,,,,,,,,,,,,,,,,,,,,,,,,,,,,,,,,,,,,,,,,,,,,,,,,,,,,,,,
,,,,,,,,,,,,,,,,,,,,,,,,,,,,,,,,,,,,,,,,,,,,,,,,,,,,,,,
,,,,,,,,,,,,,,,,,,,,,,,,,,,,,,,,,,,,,,,,,,,,,,,,,,,,,,,
,,,,,,,,,,,,,,,,,,,,,,,,,,,,,,,,,,,,,,,,,,,,,,,,,,,,,,,
,,,,,,,,,,,,,,,,,,,,,,,,,,,,,,,,,,,,,,,,,,,,,,,,,,,,,,,
,,,,,,,,,,,,,,,,,,,,,,,,,,,,,,,,,,,,,,,,,,,,,,,,,,,,,,,
,,,,,,,,,,,,,,,,,,,,,,,,,,,,,,,,,,,,,,,,,,,,,,,,,,,,,,,
,,,,,,,,,,,,,,,,,,,,,,,,,,,,,,,,,,,,,,,,,,,,,,,,,,,,,,,
,,,,,,,,,,,,,,,,,,,,,,,,,,,,,,,,,,,,,,,,,,,,,,,,,,,,,,,
,,,,,,,,,,,,,,,,,,,,,,,,,,,,,,,,,,,,,,,,,,,,,,,,,,,,,,,
,,,,,,,,,,,,,,,,,,,,,,,,,,,,,,,,,,,,,,,,,,,,,,,,,,,,,,,
,,,,,,,,,,,,,,,,,,,,,,,,,,,,,,,,,,,,,,,,,,,,,,,,,,,,,,,
,,,,,,,,,,,,,,,,,,,,,,,,,,,,,,,,,,,,,,,,,,,,,,,,,,,,,,,
,,,,,,,,,,,,,,,,,,,,,,,,,,,,,,,,,,,,,,,,,,,,,,,,,,,,,,,
,,,,,,,,,,,,,,,,,,,,,,,,,,,,,,,,,,,,,,,,,,,,,,,,,,,,,,,
,,,,,,,,,,,,,,,,,,,,,,,,,,,,,,,,,,,,,,,,,,,,,,,,,,,,,,,
,,,,,,,,,,,,,,,,,,,,,,,,,,,,,,,,,,,,,,,,,,,,,,,,,,,,,,,
,,,,,,,,,,,,,,,,,,,,,,,,,,,,,,,,,,,,,,,,,,,,,,,,,,,,,,,
,,,,,,,,,,,,,,,,,,,,,,,,,,,,,,,,,,,,,,,,,,,,,,,,,,,,,,,
,,,,,,,,,,,,,,,,,,,,,,,,,,,,,,,,,,,,,,,,,,,,,,,,,,,,,,,
,,,,,,,,,,,,,,,,,,,,,,,,,,,,,,,,,,,,,,,,,,,,,,,,,,,,,,,
,,,,,,,,,,,,,,,,,,,,,,,,,,,,,,,,,,,,,,,,,,,,,,,,,,,,,,,
,,,,,,,,,,,,,,,,,,,,,,,,,,,,,,,,,,,,,,,,,,,,,,,,,,,,,,,
,,,,,,,,,,,,,,,,,,,,,,,,,,,,,,,,,,,,,,,,,,,,,,,,,,,,,,,
,,,,,,,,,,,,,,,,,,,,,,,,,,,,,,,,,,,,,,,,,,,,,,,,,,,,,,,
,,,,,,,,,,,,,,,,,,,,,,,,,,,,,,,,,,,,,,,,,,,,,,,,,,,,,,,
,,,,,,,,,,,,,,,,,,,,,,,,,,,,,,,,,,,,,,,,,,,,,,,,,,,,,,,
,,,,,,,,,,,,,,,,,,,,,,,,,,,,,,,,,,,,,,,,,,,,,,,,,,,,,,,
,,,,,,,,,,,,,,,,,,,,,,,,,,,,,,,,,,,,,,,,,,,,,,,,,,,,,,,
,,,,,,,,,,,,,,,,,,,,,,,,,,,,,,,,,,,,,,,,,,,,,,,,,,,,,,,
,,,,,,,,,,,,,,,,,,,,,,,,,,,,,,,,,,,,,,,,,,,,,,,,,,,,,,,
,,,,,,,,,,,,,,,,,,,,,,,,,,,,,,,,,,,,,,,,,,,,,,,,,,,,,,,
,,,,,,,,,,,,,,,,,,,,,,,,,,,,,,,,,,,,,,,,,,,,,,,,,,,,,,,
,,,,,,,,,,,,,,,,,,,,,,,,,,,,,,,,,,,,,,,,,,,,,,,,,,,,,,,
,,,,,,,,,,,,,,,,,,,,,,,,,,,,,,,,,,,,,,,,,,,,,,,,,,,,,,,
,,,,,,,,,,,,,,,,,,,,,,,,,,,,,,,,,,,,,,,,,,,,,,,,,,,,,,,
,,,,,,,,,,,,,,,,,,,,,,,,,,,,,,,,,,,,,,,,,,,,,,,,,,,,,,,
,,,,,,,,,,,,,,,,,,,,,,,,,,,,,,,,,,,,,,,,,,,,,,,,,,,,,,,
,,,,,,,,,,,,,,,,,,,,,,,,,,,,,,,,,,,,,,,,,,,,,,,,,,,,,,,
,,,,,,,,,,,,,,,,,,,,,,,,,,,,,,,,,,,,,,,,,,,,,,,,,,,,,,,
,,,,,,,,,,,,,,,,,,,,,,,,,,,,,,,,,,,,,,,,,,,,,,,,,,,,,,,
,,,,,,,,,,,,,,,,,,,,,,,,,,,,,,,,,,,,,,,,,,,,,,,,,,,,,,,
,,,,,,,,,,,,,,,,,,,,,,,,,,,,,,,,,,,,,,,,,,,,,,,,,,,,,,,
,,,,,,,,,,,,,,,,,,,,,,,,,,,,,,,,,,,,,,,,,,,,,,,,,,,,,,,
,,,,,,,,,,,,,,,,,,,,,,,,,,,,,,,,,,,,,,,,,,,,,,,,,,,,,,,
,,,,,,,,,,,,,,,,,,,,,,,,,,,,,,,,,,,,,,,,,,,,,,,,,,,,,,,
,,,,,,,,,,,,,,,,,,,,,,,,,,,,,,,,,,,,,,,,,,,,,,,,,,,,,,,
,,,,,,,,,,,,,,,,,,,,,,,,,,,,,,,,,,,,,,,,,,,,,,,,,,,,,,,
,,,,,,,,,,,,,,,,,,,,,,,,,,,,,,,,,,,,,,,,,,,,,,,,,,,,,,,
,,,,,,,,,,,,,,,,,,,,,,,,,,,,,,,,,,,,,,,,,,,,,,,,,,,,,,,
,,,,,,,,,,,,,,,,,,,,,,,,,,,,,,,,,,,,,,,,,,,,,,,,,,,,,,,
,,,,,,,,,,,,,,,,,,,,,,,,,,,,,,,,,,,,,,,,,,,,,,,,,,,,,,,
,,,,,,,,,,,,,,,,,,,,,,,,,,,,,,,,,,,,,,,,,,,,,,,,,,,,,,,
,,,,,,,,,,,,,,,,,,,,,,,,,,,,,,,,,,,,,,,,,,,,,,,,,,,,,,,
,,,,,,,,,,,,,,,,,,,,,,,,,,,,,,,,,,,,,,,,,,,,,,,,,,,,,,,
,,,,,,,,,,,,,,,,,,,,,,,,,,,,,,,,,,,,,,,,,,,,,,,,,,,,,,,
,,,,,,,,,,,,,,,,,,,,,,,,,,,,,,,,,,,,,,,,,,,,,,,,,,,,,,,
,,,,,,,,,,,,,,,,,,,,,,,,,,,,,,,,,,,,,,,,,,,,,,,,,,,,,,,
,,,,,,,,,,,,,,,,,,,,,,,,,,,,,,,,,,,,,,,,,,,,,,,,,,,,,,,
,,,,,,,,,,,,,,,,,,,,,,,,,,,,,,,,,,,,,,,,,,,,,,,,,,,,,,,
,,,,,,,,,,,,,,,,,,,,,,,,,,,,,,,,,,,,,,,,,,,,,,,,,,,,,,,
,,,,,,,,,,,,,,,,,,,,,,,,,,,,,,,,,,,,,,,,,,,,,,,,,,,,,,,
,,,,,,,,,,,,,,,,,,,,,,,,,,,,,,,,,,,,,,,,,,,,,,,,,,,,,,,
,,,,,,,,,,,,,,,,,,,,,,,,,,,,,,,,,,,,,,,,,,,,,,,,,,,,,,,
,,,,,,,,,,,,,,,,,,,,,,,,,,,,,,,,,,,,,,,,,,,,,,,,,,,,,,,
,,,,,,,,,,,,,,,,,,,,,,,,,,,,,,,,,,,,,,,,,,,,,,,,,,,,,,,
,,,,,,,,,,,,,,,,,,,,,,,,,,,,,,,,,,,,,,,,,,,,,,,,,,,,,,,
,,,,,,,,,,,,,,,,,,,,,,,,,,,,,,,,,,,,,,,,,,,,,,,,,,,,,,,
,,,,,,,,,,,,,,,,,,,,,,,,,,,,,,,,,,,,,,,,,,,,,,,,,,,,,,,
,,,,,,,,,,,,,,,,,,,,,,,,,,,,,,,,,,,,,,,,,,,,,,,,,,,,,,,
,,,,,,,,,,,,,,,,,,,,,,,,,,,,,,,,,,,,,,,,,,,,,,,,,,,,,,,
,,,,,,,,,,,,,,,,,,,,,,,,,,,,,,,,,,,,,,,,,,,,,,,,,,,,,,,
,,,,,,,,,,,,,,,,,,,,,,,,,,,,,,,,,,,,,,,,,,,,,,,,,,,,,,,
,,,,,,,,,,,,,,,,,,,,,,,,,,,,,,,,,,,,,,,,,,,,,,,,,,,,,,,
,,,,,,,,,,,,,,,,,,,,,,,,,,,,,,,,,,,,,,,,,,,,,,,,,,,,,,,
,,,,,,,,,,,,,,,,,,,,,,,,,,,,,,,,,,,,,,,,,,,,,,,,,,,,,,,
,,,,,,,,,,,,,,,,,,,,,,,,,,,,,,,,,,,,,,,,,,,,,,,,,,,,,,,
,,,,,,,,,,,,,,,,,,,,,,,,,,,,,,,,,,,,,,,,,,,,,,,,,,,,,,,
,,,,,,,,,,,,,,,,,,,,,,,,,,,,,,,,,,,,,,,,,,,,,,,,,,,,,,,
,,,,,,,,,,,,,,,,,,,,,,,,,,,,,,,,,,,,,,,,,,,,,,,,,,,,,,,
,,,,,,,,,,,,,,,,,,,,,,,,,,,,,,,,,,,,,,,,,,,,,,,,,,,,,,,
,,,,,,,,,,,,,,,,,,,,,,,,,,,,,,,,,,,,,,,,,,,,,,,,,,,,,,,
,,,,,,,,,,,,,,,,,,,,,,,,,,,,,,,,,,,,,,,,,,,,,,,,,,,,,,,
,,,,,,,,,,,,,,,,,,,,,,,,,,,,,,,,,,,,,,,,,,,,,,,,,,,,,,,
,,,,,,,,,,,,,,,,,,,,,,,,,,,,,,,,,,,,,,,,,,,,,,,,,,,,,,,
,,,,,,,,,,,,,,,,,,,,,,,,,,,,,,,,,,,,,,,,,,,,,,,,,,,,,,,
,,,,,,,,,,,,,,,,,,,,,,,,,,,,,,,,,,,,,,,,,,,,,,,,,,,,,,,
,,,,,,,,,,,,,,,,,,,,,,,,,,,,,,,,,,,,,,,,,,,,,,,,,,,,,,,
,,,,,,,,,,,,,,,,,,,,,,,,,,,,,,,,,,,,,,,,,,,,,,,,,,,,,,,
,,,,,,,,,,,,,,,,,,,,,,,,,,,,,,,,,,,,,,,,,,,,,,,,,,,,,,,
,,,,,,,,,,,,,,,,,,,,,,,,,,,,,,,,,,,,,,,,,,,,,,,,,,,,,,,
,,,,,,,,,,,,,,,,,,,,,,,,,,,,,,,,,,,,,,,,,,,,,,,,,,,,,,,
,,,,,,,,,,,,,,,,,,,,,,,,,,,,,,,,,,,,,,,,,,,,,,,,,,,,,,,
,,,,,,,,,,,,,,,,,,,,,,,,,,,,,,,,,,,,,,,,,,,,,,,,,,,,,,,
,,,,,,,,,,,,,,,,,,,,,,,,,,,,,,,,,,,,,,,,,,,,,,,,,,,,,,,
,,,,,,,,,,,,,,,,,,,,,,,,,,,,,,,,,,,,,,,,,,,,,,,,,,,,,,,
,,,,,,,,,,,,,,,,,,,,,,,,,,,,,,,,,,,,,,,,,,,,,,,,,,,,,,,
,,,,,,,,,,,,,,,,,,,,,,,,,,,,,,,,,,,,,,,,,,,,,,,,,,,,,,,
,,,,,,,,,,,,,,,,,,,,,,,,,,,,,,,,,,,,,,,,,,,,,,,,,,,,,,,
,,,,,,,,,,,,,,,,,,,,,,,,,,,,,,,,,,,,,,,,,,,,,,,,,,,,,,,
,,,,,,,,,,,,,,,,,,,,,,,,,,,,,,,,,,,,,,,,,,,,,,,,,,,,,,,
,,,,,,,,,,,,,,,,,,,,,,,,,,,,,,,,,,,,,,,,,,,,,,,,,,,,,,,
,,,,,,,,,,,,,,,,,,,,,,,,,,,,,,,,,,,,,,,,,,,,,,,,,,,,,,,
,,,,,,,,,,,,,,,,,,,,,,,,,,,,,,,,,,,,,,,,,,,,,,,,,,,,,,,
,,,,,,,,,,,,,,,,,,,,,,,,,,,,,,,,,,,,,,,,,,,,,,,,,,,,,,,
,,,,,,,,,,,,,,,,,,,,,,,,,,,,,,,,,,,,,,,,,,,,,,,,,,,,,,,
,,,,,,,,,,,,,,,,,,,,,,,,,,,,,,,,,,,,,,,,,,,,,,,,,,,,,,,
,,,,,,,,,,,,,,,,,,,,,,,,,,,,,,,,,,,,,,,,,,,,,,,,,,,,,,,
,,,,,,,,,,,,,,,,,,,,,,,,,,,,,,,,,,,,,,,,,,,,,,,,,,,,,,,
,,,,,,,,,,,,,,,,,,,,,,,,,,,,,,,,,,,,,,,,,,,,,,,,,,,,,,,
,,,,,,,,,,,,,,,,,,,,,,,,,,,,,,,,,,,,,,,,,,,,,,,,,,,,,,,
,,,,,,,,,,,,,,,,,,,,,,,,,,,,,,,,,,,,,,,,,,,,,,,,,,,,,,,
,,,,,,,,,,,,,,,,,,,,,,,,,,,,,,,,,,,,,,,,,,,,,,,,,,,,,,,
,,,,,,,,,,,,,,,,,,,,,,,,,,,,,,,,,,,,,,,,,,,,,,,,,,,,,,,
,,,,,,,,,,,,,,,,,,,,,,,,,,,,,,,,,,,,,,,,,,,,,,,,,,,,,,,
,,,,,,,,,,,,,,,,,,,,,,,,,,,,,,,,,,,,,,,,,,,,,,,,,,,,,,,
,,,,,,,,,,,,,,,,,,,,,,,,,,,,,,,,,,,,,,,,,,,,,,,,,,,,,,,
,,,,,,,,,,,,,,,,,,,,,,,,,,,,,,,,,,,,,,,,,,,,,,,,,,,,,,,
,,,,,,,,,,,,,,,,,,,,,,,,,,,,,,,,,,,,,,,,,,,,,,,,,,,,,,,
,,,,,,,,,,,,,,,,,,,,,,,,,,,,,,,,,,,,,,,,,,,,,,,,,,,,,,,
,,,,,,,,,,,,,,,,,,,,,,,,,,,,,,,,,,,,,,,,,,,,,,,,,,,,,,,
,,,,,,,,,,,,,,,,,,,,,,,,,,,,,,,,,,,,,,,,,,,,,,,,,,,,,,,
,,,,,,,,,,,,,,,,,,,,,,,,,,,,,,,,,,,,,,,,,,,,,,,,,,,,,,,
,,,,,,,,,,,,,,,,,,,,,,,,,,,,,,,,,,,,,,,,,,,,,,,,,,,,,,,
,,,,,,,,,,,,,,,,,,,,,,,,,,,,,,,,,,,,,,,,,,,,,,,,,,,,,,,
,,,,,,,,,,,,,,,,,,,,,,,,,,,,,,,,,,,,,,,,,,,,,,,,,,,,,,,
,,,,,,,,,,,,,,,,,,,,,,,,,,,,,,,,,,,,,,,,,,,,,,,,,,,,,,,
,,,,,,,,,,,,,,,,,,,,,,,,,,,,,,,,,,,,,,,,,,,,,,,,,,,,,,,
,,,,,,,,,,,,,,,,,,,,,,,,,,,,,,,,,,,,,,,,,,,,,,,,,,,,,,,
,,,,,,,,,,,,,,,,,,,,,,,,,,,,,,,,,,,,,,,,,,,,,,,,,,,,,,,
,,,,,,,,,,,,,,,,,,,,,,,,,,,,,,,,,,,,,,,,,,,,,,,,,,,,,,,
,,,,,,,,,,,,,,,,,,,,,,,,,,,,,,,,,,,,,,,,,,,,,,,,,,,,,,,
,,,,,,,,,,,,,,,,,,,,,,,,,,,,,,,,,,,,,,,,,,,,,,,,,,,,,,,
,,,,,,,,,,,,,,,,,,,,,,,,,,,,,,,,,,,,,,,,,,,,,,,,,,,,,,,
,,,,,,,,,,,,,,,,,,,,,,,,,,,,,,,,,,,,,,,,,,,,,,,,,,,,,,,
,,,,,,,,,,,,,,,,,,,,,,,,,,,,,,,,,,,,,,,,,,,,,,,,,,,,,,,
,,,,,,,,,,,,,,,,,,,,,,,,,,,,,,,,,,,,,,,,,,,,,,,,,,,,,,,
,,,,,,,,,,,,,,,,,,,,,,,,,,,,,,,,,,,,,,,,,,,,,,,,,,,,,,,
,,,,,,,,,,,,,,,,,,,,,,,,,,,,,,,,,,,,,,,,,,,,,,,,,,,,,,,
,,,,,,,,,,,,,,,,,,,,,,,,,,,,,,,,,,,,,,,,,,,,,,,,,,,,,,,
,,,,,,,,,,,,,,,,,,,,,,,,,,,,,,,,,,,,,,,,,,,,,,,,,,,,,,,
,,,,,,,,,,,,,,,,,,,,,,,,,,,,,,,,,,,,,,,,,,,,,,,,,,,,,,,
,,,,,,,,,,,,,,,,,,,,,,,,,,,,,,,,,,,,,,,,,,,,,,,,,,,,,,,
,,,,,,,,,,,,,,,,,,,,,,,,,,,,,,,,,,,,,,,,,,,,,,,,,,,,,,,
,,,,,,,,,,,,,,,,,,,,,,,,,,,,,,,,,,,,,,,,,,,,,,,,,,,,,,,
,,,,,,,,,,,,,,,,,,,,,,,,,,,,,,,,,,,,,,,,,,,,,,,,,,,,,,,
,,,,,,,,,,,,,,,,,,,,,,,,,,,,,,,,,,,,,,,,,,,,,,,,,,,,,,,
,,,,,,,,,,,,,,,,,,,,,,,,,,,,,,,,,,,,,,,,,,,,,,,,,,,,,,,
,,,,,,,,,,,,,,,,,,,,,,,,,,,,,,,,,,,,,,,,,,,,,,,,,,,,,,,
,,,,,,,,,,,,,,,,,,,,,,,,,,,,,,,,,,,,,,,,,,,,,,,,,,,,,,,
,,,,,,,,,,,,,,,,,,,,,,,,,,,,,,,,,,,,,,,,,,,,,,,,,,,,,,,
,,,,,,,,,,,,,,,,,,,,,,,,,,,,,,,,,,,,,,,,,,,,,,,,,,,,,,,
,,,,,,,,,,,,,,,,,,,,,,,,,,,,,,,,,,,,,,,,,,,,,,,,,,,,,,,
,,,,,,,,,,,,,,,,,,,,,,,,,,,,,,,,,,,,,,,,,,,,,,,,,,,,,,,
,,,,,,,,,,,,,,,,,,,,,,,,,,,,,,,,,,,,,,,,,,,,,,,,,,,,,,,
,,,,,,,,,,,,,,,,,,,,,,,,,,,,,,,,,,,,,,,,,,,,,,,,,,,,,,,
,,,,,,,,,,,,,,,,,,,,,,,,,,,,,,,,,,,,,,,,,,,,,,,,,,,,,,,
,,,,,,,,,,,,,,,,,,,,,,,,,,,,,,,,,,,,,,,,,,,,,,,,,,,,,,,
,,,,,,,,,,,,,,,,,,,,,,,,,,,,,,,,,,,,,,,,,,,,,,,,,,,,,,,
,,,,,,,,,,,,,,,,,,,,,,,,,,,,,,,,,,,,,,,,,,,,,,,,,,,,,,,
,,,,,,,,,,,,,,,,,,,,,,,,,,,,,,,,,,,,,,,,,,,,,,,,,,,,,,,
,,,,,,,,,,,,,,,,,,,,,,,,,,,,,,,,,,,,,,,,,,,,,,,,,,,,,,,
,,,,,,,,,,,,,,,,,,,,,,,,,,,,,,,,,,,,,,,,,,,,,,,,,,,,,,,
,,,,,,,,,,,,,,,,,,,,,,,,,,,,,,,,,,,,,,,,,,,,,,,,,,,,,,,
,,,,,,,,,,,,,,,,,,,,,,,,,,,,,,,,,,,,,,,,,,,,,,,,,,,,,,,
,,,,,,,,,,,,,,,,,,,,,,,,,,,,,,,,,,,,,,,,,,,,,,,,,,,,,,,
,,,,,,,,,,,,,,,,,,,,,,,,,,,,,,,,,,,,,,,,,,,,,,,,,,,,,,,
,,,,,,,,,,,,,,,,,,,,,,,,,,,,,,,,,,,,,,,,,,,,,,,,,,,,,,,
,,,,,,,,,,,,,,,,,,,,,,,,,,,,,,,,,,,,,,,,,,,,,,,,,,,,,,,
,,,,,,,,,,,,,,,,,,,,,,,,,,,,,,,,,,,,,,,,,,,,,,,,,,,,,,,
,,,,,,,,,,,,,,,,,,,,,,,,,,,,,,,,,,,,,,,,,,,,,,,,,,,,,,,
,,,,,,,,,,,,,,,,,,,,,,,,,,,,,,,,,,,,,,,,,,,,,,,,,,,,,,,
,,,,,,,,,,,,,,,,,,,,,,,,,,,,,,,,,,,,,,,,,,,,,,,,,,,,,,,
,,,,,,,,,,,,,,,,,,,,,,,,,,,,,,,,,,,,,,,,,,,,,,,,,,,,,,,
,,,,,,,,,,,,,,,,,,,,,,,,,,,,,,,,,,,,,,,,,,,,,,,,,,,,,,,
,,,,,,,,,,,,,,,,,,,,,,,,,,,,,,,,,,,,,,,,,,,,,,,,,,,,,,,
,,,,,,,,,,,,,,,,,,,,,,,,,,,,,,,,,,,,,,,,,,,,,,,,,,,,,,,
,,,,,,,,,,,,,,,,,,,,,,,,,,,,,,,,,,,,,,,,,,,,,,,,,,,,,,,
,,,,,,,,,,,,,,,,,,,,,,,,,,,,,,,,,,,,,,,,,,,,,,,,,,,,,,,
,,,,,,,,,,,,,,,,,,,,,,,,,,,,,,,,,,,,,,,,,,,,,,,,,,,,,,,
,,,,,,,,,,,,,,,,,,,,,,,,,,,,,,,,,,,,,,,,,,,,,,,,,,,,,,,
,,,,,,,,,,,,,,,,,,,,,,,,,,,,,,,,,,,,,,,,,,,,,,,,,,,,,,,
,,,,,,,,,,,,,,,,,,,,,,,,,,,,,,,,,,,,,,,,,,,,,,,,,,,,,,,
,,,,,,,,,,,,,,,,,,,,,,,,,,,,,,,,,,,,,,,,,,,,,,,,,,,,,,,
,,,,,,,,,,,,,,,,,,,,,,,,,,,,,,,,,,,,,,,,,,,,,,,,,,,,,,,
,,,,,,,,,,,,,,,,,,,,,,,,,,,,,,,,,,,,,,,,,,,,,,,,,,,,,,,
,,,,,,,,,,,,,,,,,,,,,,,,,,,,,,,,,,,,,,,,,,,,,,,,,,,,,,,
,,,,,,,,,,,,,,,,,,,,,,,,,,,,,,,,,,,,,,,,,,,,,,,,,,,,,,,
,,,,,,,,,,,,,,,,,,,,,,,,,,,,,,,,,,,,,,,,,,,,,,,,,,,,,,,
,,,,,,,,,,,,,,,,,,,,,,,,,,,,,,,,,,,,,,,,,,,,,,,,,,,,,,,
,,,,,,,,,,,,,,,,,,,,,,,,,,,,,,,,,,,,,,,,,,,,,,,,,,,,,,,
,,,,,,,,,,,,,,,,,,,,,,,,,,,,,,,,,,,,,,,,,,,,,,,,,,,,,,,
,,,,,,,,,,,,,,,,,,,,,,,,,,,,,,,,,,,,,,,,,,,,,,,,,,,,,,,
,,,,,,,,,,,,,,,,,,,,,,,,,,,,,,,,,,,,,,,,,,,,,,,,,,,,,,,
,,,,,,,,,,,,,,,,,,,,,,,,,,,,,,,,,,,,,,,,,,,,,,,,,,,,,,,
,,,,,,,,,,,,,,,,,,,,,,,,,,,,,,,,,,,,,,,,,,,,,,,,,,,,,,,
,,,,,,,,,,,,,,,,,,,,,,,,,,,,,,,,,,,,,,,,,,,,,,,,,,,,,,,
,,,,,,,,,,,,,,,,,,,,,,,,,,,,,,,,,,,,,,,,,,,,,,,,,,,,,,,
,,,,,,,,,,,,,,,,,,,,,,,,,,,,,,,,,,,,,,,,,,,,,,,,,,,,,,,
,,,,,,,,,,,,,,,,,,,,,,,,,,,,,,,,,,,,,,,,,,,,,,,,,,,,,,,
,,,,,,,,,,,,,,,,,,,,,,,,,,,,,,,,,,,,,,,,,,,,,,,,,,,,,,,
,,,,,,,,,,,,,,,,,,,,,,,,,,,,,,,,,,,,,,,,,,,,,,,,,,,,,,,
,,,,,,,,,,,,,,,,,,,,,,,,,,,,,,,,,,,,,,,,,,,,,,,,,,,,,,,
,,,,,,,,,,,,,,,,,,,,,,,,,,,,,,,,,,,,,,,,,,,,,,,,,,,,,,,
,,,,,,,,,,,,,,,,,,,,,,,,,,,,,,,,,,,,,,,,,,,,,,,,,,,,,,,
,,,,,,,,,,,,,,,,,,,,,,,,,,,,,,,,,,,,,,,,,,,,,,,,,,,,,,,
,,,,,,,,,,,,,,,,,,,,,,,,,,,,,,,,,,,,,,,,,,,,,,,,,,,,,,,
,,,,,,,,,,,,,,,,,,,,,,,,,,,,,,,,,,,,,,,,,,,,,,,,,,,,,,,
,,,,,,,,,,,,,,,,,,,,,,,,,,,,,,,,,,,,,,,,,,,,,,,,,,,,,,,
,,,,,,,,,,,,,,,,,,,,,,,,,,,,,,,,,,,,,,,,,,,,,,,,,,,,,,,
,,,,,,,,,,,,,,,,,,,,,,,,,,,,,,,,,,,,,,,,,,,,,,,,,,,,,,,
,,,,,,,,,,,,,,,,,,,,,,,,,,,,,,,,,,,,,,,,,,,,,,,,,,,,,,,
,,,,,,,,,,,,,,,,,,,,,,,,,,,,,,,,,,,,,,,,,,,,,,,,,,,,,,,
,,,,,,,,,,,,,,,,,,,,,,,,,,,,,,,,,,,,,,,,,,,,,,,,,,,,,,,
,,,,,,,,,,,,,,,,,,,,,,,,,,,,,,,,,,,,,,,,,,,,,,,,,,,,,,,
,,,,,,,,,,,,,,,,,,,,,,,,,,,,,,,,,,,,,,,,,,,,,,,,,,,,,,,
,,,,,,,,,,,,,,,,,,,,,,,,,,,,,,,,,,,,,,,,,,,,,,,,,,,,,,,
,,,,,,,,,,,,,,,,,,,,,,,,,,,,,,,,,,,,,,,,,,,,,,,,,,,,,,,
,,,,,,,,,,,,,,,,,,,,,,,,,,,,,,,,,,,,,,,,,,,,,,,,,,,,,,,
,,,,,,,,,,,,,,,,,,,,,,,,,,,,,,,,,,,,,,,,,,,,,,,,,,,,,,,
,,,,,,,,,,,,,,,,,,,,,,,,,,,,,,,,,,,,,,,,,,,,,,,,,,,,,,,
,,,,,,,,,,,,,,,,,,,,,,,,,,,,,,,,,,,,,,,,,,,,,,,,,,,,,,,
,,,,,,,,,,,,,,,,,,,,,,,,,,,,,,,,,,,,,,,,,,,,,,,,,,,,,,,
,,,,,,,,,,,,,,,,,,,,,,,,,,,,,,,,,,,,,,,,,,,,,,,,,,,,,,,
,,,,,,,,,,,,,,,,,,,,,,,,,,,,,,,,,,,,,,,,,,,,,,,,,,,,,,,
,,,,,,,,,,,,,,,,,,,,,,,,,,,,,,,,,,,,,,,,,,,,,,,,,,,,,,,
,,,,,,,,,,,,,,,,,,,,,,,,,,,,,,,,,,,,,,,,,,,,,,,,,,,,,,,
,,,,,,,,,,,,,,,,,,,,,,,,,,,,,,,,,,,,,,,,,,,,,,,,,,,,,,,
,,,,,,,,,,,,,,,,,,,,,,,,,,,,,,,,,,,,,,,,,,,,,,,,,,,,,,,
,,,,,,,,,,,,,,,,,,,,,,,,,,,,,,,,,,,,,,,,,,,,,,,,,,,,,,,
,,,,,,,,,,,,,,,,,,,,,,,,,,,,,,,,,,,,,,,,,,,,,,,,,,,,,,,
,,,,,,,,,,,,,,,,,,,,,,,,,,,,,,,,,,,,,,,,,,,,,,,,,,,,,,,
,,,,,,,,,,,,,,,,,,,,,,,,,,,,,,,,,,,,,,,,,,,,,,,,,,,,,,,
,,,,,,,,,,,,,,,,,,,,,,,,,,,,,,,,,,,,,,,,,,,,,,,,,,,,,,,
,,,,,,,,,,,,,,,,,,,,,,,,,,,,,,,,,,,,,,,,,,,,,,,,,,,,,,,
,,,,,,,,,,,,,,,,,,,,,,,,,,,,,,,,,,,,,,,,,,,,,,,,,,,,,,,
,,,,,,,,,,,,,,,,,,,,,,,,,,,,,,,,,,,,,,,,,,,,,,,,,,,,,,,
,,,,,,,,,,,,,,,,,,,,,,,,,,,,,,,,,,,,,,,,,,,,,,,,,,,,,,,
,,,,,,,,,,,,,,,,,,,,,,,,,,,,,,,,,,,,,,,,,,,,,,,,,,,,,,,
,,,,,,,,,,,,,,,,,,,,,,,,,,,,,,,,,,,,,,,,,,,,,,,,,,,,,,,
,,,,,,,,,,,,,,,,,,,,,,,,,,,,,,,,,,,,,,,,,,,,,,,,,,,,,,,
,,,,,,,,,,,,,,,,,,,,,,,,,,,,,,,,,,,,,,,,,,,,,,,,,,,,,,,
,,,,,,,,,,,,,,,,,,,,,,,,,,,,,,,,,,,,,,,,,,,,,,,,,,,,,,,
,,,,,,,,,,,,,,,,,,,,,,,,,,,,,,,,,,,,,,,,,,,,,,,,,,,,,,,
,,,,,,,,,,,,,,,,,,,,,,,,,,,,,,,,,,,,,,,,,,,,,,,,,,,,,,,
,,,,,,,,,,,,,,,,,,,,,,,,,,,,,,,,,,,,,,,,,,,,,,,,,,,,,,,
,,,,,,,,,,,,,,,,,,,,,,,,,,,,,,,,,,,,,,,,,,,,,,,,,,,,,,,
,,,,,,,,,,,,,,,,,,,,,,,,,,,,,,,,,,,,,,,,,,,,,,,,,,,,,,,
,,,,,,,,,,,,,,,,,,,,,,,,,,,,,,,,,,,,,,,,,,,,,,,,,,,,,,,
,,,,,,,,,,,,,,,,,,,,,,,,,,,,,,,,,,,,,,,,,,,,,,,,,,,,,,,
,,,,,,,,,,,,,,,,,,,,,,,,,,,,,,,,,,,,,,,,,,,,,,,,,,,,,,,
,,,,,,,,,,,,,,,,,,,,,,,,,,,,,,,,,,,,,,,,,,,,,,,,,,,,,,,
,,,,,,,,,,,,,,,,,,,,,,,,,,,,,,,,,,,,,,,,,,,,,,,,,,,,,,,
,,,,,,,,,,,,,,,,,,,,,,,,,,,,,,,,,,,,,,,,,,,,,,,,,,,,,,,
,,,,,,,,,,,,,,,,,,,,,,,,,,,,,,,,,,,,,,,,,,,,,,,,,,,,,,,
,,,,,,,,,,,,,,,,,,,,,,,,,,,,,,,,,,,,,,,,,,,,,,,,,,,,,,,
,,,,,,,,,,,,,,,,,,,,,,,,,,,,,,,,,,,,,,,,,,,,,,,,,,,,,,,
,,,,,,,,,,,,,,,,,,,,,,,,,,,,,,,,,,,,,,,,,,,,,,,,,,,,,,,
,,,,,,,,,,,,,,,,,,,,,,,,,,,,,,,,,,,,,,,,,,,,,,,,,,,,,,,
,,,,,,,,,,,,,,,,,,,,,,,,,,,,,,,,,,,,,,,,,,,,,,,,,,,,,,,
,,,,,,,,,,,,,,,,,,,,,,,,,,,,,,,,,,,,,,,,,,,,,,,,,,,,,,,
,,,,,,,,,,,,,,,,,,,,,,,,,,,,,,,,,,,,,,,,,,,,,,,,,,,,,,,
,,,,,,,,,,,,,,,,,,,,,,,,,,,,,,,,,,,,,,,,,,,,,,,,,,,,,,,
,,,,,,,,,,,,,,,,,,,,,,,,,,,,,,,,,,,,,,,,,,,,,,,,,,,,,,,
,,,,,,,,,,,,,,,,,,,,,,,,,,,,,,,,,,,,,,,,,,,,,,,,,,,,,,,
,,,,,,,,,,,,,,,,,,,,,,,,,,,,,,,,,,,,,,,,,,,,,,,,,,,,,,,
,,,,,,,,,,,,,,,,,,,,,,,,,,,,,,,,,,,,,,,,,,,,,,,,,,,,,,,
,,,,,,,,,,,,,,,,,,,,,,,,,,,,,,,,,,,,,,,,,,,,,,,,,,,,,,,
,,,,,,,,,,,,,,,,,,,,,,,,,,,,,,,,,,,,,,,,,,,,,,,,,,,,,,,
,,,,,,,,,,,,,,,,,,,,,,,,,,,,,,,,,,,,,,,,,,,,,,,,,,,,,,,
,,,,,,,,,,,,,,,,,,,,,,,,,,,,,,,,,,,,,,,,,,,,,,,,,,,,,,,
,,,,,,,,,,,,,,,,,,,,,,,,,,,,,,,,,,,,,,,,,,,,,,,,,,,,,,,
,,,,,,,,,,,,,,,,,,,,,,,,,,,,,,,,,,,,,,,,,,,,,,,,,,,,,,,
,,,,,,,,,,,,,,,,,,,,,,,,,,,,,,,,,,,,,,,,,,,,,,,,,,,,,,,
,,,,,,,,,,,,,,,,,,,,,,,,,,,,,,,,,,,,,,,,,,,,,,,,,,,,,,,
,,,,,,,,,,,,,,,,,,,,,,,,,,,,,,,,,,,,,,,,,,,,,,,,,,,,,,,
,,,,,,,,,,,,,,,,,,,,,,,,,,,,,,,,,,,,,,,,,,,,,,,,,,,,,,,
,,,,,,,,,,,,,,,,,,,,,,,,,,,,,,,,,,,,,,,,,,,,,,,,,,,,,,,
,,,,,,,,,,,,,,,,,,,,,,,,,,,,,,,,,,,,,,,,,,,,,,,,,,,,,,,
,,,,,,,,,,,,,,,,,,,,,,,,,,,,,,,,,,,,,,,,,,,,,,,,,,,,,,,
,,,,,,,,,,,,,,,,,,,,,,,,,,,,,,,,,,,,,,,,,,,,,,,,,,,,,,,
,,,,,,,,,,,,,,,,,,,,,,,,,,,,,,,,,,,,,,,,,,,,,,,,,,,,,,,
,,,,,,,,,,,,,,,,,,,,,,,,,,,,,,,,,,,,,,,,,,,,,,,,,,,,,,,
,,,,,,,,,,,,,,,,,,,,,,,,,,,,,,,,,,,,,,,,,,,,,,,,,,,,,,,
,,,,,,,,,,,,,,,,,,,,,,,,,,,,,,,,,,,,,,,,,,,,,,,,,,,,,,,
,,,,,,,,,,,,,,,,,,,,,,,,,,,,,,,,,,,,,,,,,,,,,,,,,,,,,,,
,,,,,,,,,,,,,,,,,,,,,,,,,,,,,,,,,,,,,,,,,,,,,,,,,,,,,,,
,,,,,,,,,,,,,,,,,,,,,,,,,,,,,,,,,,,,,,,,,,,,,,,,,,,,,,,
,,,,,,,,,,,,,,,,,,,,,,,,,,,,,,,,,,,,,,,,,,,,,,,,,,,,,,,
,,,,,,,,,,,,,,,,,,,,,,,,,,,,,,,,,,,,,,,,,,,,,,,,,,,,,,,
,,,,,,,,,,,,,,,,,,,,,,,,,,,,,,,,,,,,,,,,,,,,,,,,,,,,,,,
,,,,,,,,,,,,,,,,,,,,,,,,,,,,,,,,,,,,,,,,,,,,,,,,,,,,,,,
,,,,,,,,,,,,,,,,,,,,,,,,,,,,,,,,,,,,,,,,,,,,,,,,,,,,,,,
,,,,,,,,,,,,,,,,,,,,,,,,,,,,,,,,,,,,,,,,,,,,,,,,,,,,,,,
,,,,,,,,,,,,,,,,,,,,,,,,,,,,,,,,,,,,,,,,,,,,,,,,,,,,,,,
,,,,,,,,,,,,,,,,,,,,,,,,,,,,,,,,,,,,,,,,,,,,,,,,,,,,,,,
,,,,,,,,,,,,,,,,,,,,,,,,,,,,,,,,,,,,,,,,,,,,,,,,,,,,,,,
,,,,,,,,,,,,,,,,,,,,,,,,,,,,,,,,,,,,,,,,,,,,,,,,,,,,,,,
,,,,,,,,,,,,,,,,,,,,,,,,,,,,,,,,,,,,,,,,,,,,,,,,,,,,,,,
,,,,,,,,,,,,,,,,,,,,,,,,,,,,,,,,,,,,,,,,,,,,,,,,,,,,,,,
,,,,,,,,,,,,,,,,,,,,,,,,,,,,,,,,,,,,,,,,,,,,,,,,,,,,,,,
,,,,,,,,,,,,,,,,,,,,,,,,,,,,,,,,,,,,,,,,,,,,,,,,,,,,,,,
,,,,,,,,,,,,,,,,,,,,,,,,,,,,,,,,,,,,,,,,,,,,,,,,,,,,,,,
,,,,,,,,,,,,,,,,,,,,,,,,,,,,,,,,,,,,,,,,,,,,,,,,,,,,,,,
,,,,,,,,,,,,,,,,,,,,,,,,,,,,,,,,,,,,,,,,,,,,,,,,,,,,,,,
,,,,,,,,,,,,,,,,,,,,,,,,,,,,,,,,,,,,,,,,,,,,,,,,,,,,,,,
,,,,,,,,,,,,,,,,,,,,,,,,,,,,,,,,,,,,,,,,,,,,,,,,,,,,,,,
,,,,,,,,,,,,,,,,,,,,,,,,,,,,,,,,,,,,,,,,,,,,,,,,,,,,,,,
,,,,,,,,,,,,,,,,,,,,,,,,,,,,,,,,,,,,,,,,,,,,,,,,,,,,,,,
,,,,,,,,,,,,,,,,,,,,,,,,,,,,,,,,,,,,,,,,,,,,,,,,,,,,,,,
,,,,,,,,,,,,,,,,,,,,,,,,,,,,,,,,,,,,,,,,,,,,,,,,,,,,,,,
,,,,,,,,,,,,,,,,,,,,,,,,,,,,,,,,,,,,,,,,,,,,,,,,,,,,,,,
,,,,,,,,,,,,,,,,,,,,,,,,,,,,,,,,,,,,,,,,,,,,,,,,,,,,,,,
,,,,,,,,,,,,,,,,,,,,,,,,,,,,,,,,,,,,,,,,,,,,,,,,,,,,,,,
,,,,,,,,,,,,,,,,,,,,,,,,,,,,,,,,,,,,,,,,,,,,,,,,,,,,,,,
,,,,,,,,,,,,,,,,,,,,,,,,,,,,,,,,,,,,,,,,,,,,,,,,,,,,,,,
,,,,,,,,,,,,,,,,,,,,,,,,,,,,,,,,,,,,,,,,,,,,,,,,,,,,,,,
,,,,,,,,,,,,,,,,,,,,,,,,,,,,,,,,,,,,,,,,,,,,,,,,,,,,,,,
,,,,,,,,,,,,,,,,,,,,,,,,,,,,,,,,,,,,,,,,,,,,,,,,,,,,,,,
,,,,,,,,,,,,,,,,,,,,,,,,,,,,,,,,,,,,,,,,,,,,,,,,,,,,,,,
,,,,,,,,,,,,,,,,,,,,,,,,,,,,,,,,,,,,,,,,,,,,,,,,,,,,,,,
,,,,,,,,,,,,,,,,,,,,,,,,,,,,,,,,,,,,,,,,,,,,,,,,,,,,,,,
,,,,,,,,,,,,,,,,,,,,,,,,,,,,,,,,,,,,,,,,,,,,,,,,,,,,,,,
,,,,,,,,,,,,,,,,,,,,,,,,,,,,,,,,,,,,,,,,,,,,,,,,,,,,,,,
,,,,,,,,,,,,,,,,,,,,,,,,,,,,,,,,,,,,,,,,,,,,,,,,,,,,,,,
,,,,,,,,,,,,,,,,,,,,,,,,,,,,,,,,,,,,,,,,,,,,,,,,,,,,,,,
,,,,,,,,,,,,,,,,,,,,,,,,,,,,,,,,,,,,,,,,,,,,,,,,,,,,,,,
,,,,,,,,,,,,,,,,,,,,,,,,,,,,,,,,,,,,,,,,,,,,,,,,,,,,,,,
,,,,,,,,,,,,,,,,,,,,,,,,,,,,,,,,,,,,,,,,,,,,,,,,,,,,,,,
,,,,,,,,,,,,,,,,,,,,,,,,,,,,,,,,,,,,,,,,,,,,,,,,,,,,,,,
,,,,,,,,,,,,,,,,,,,,,,,,,,,,,,,,,,,,,,,,,,,,,,,,,,,,,,,
,,,,,,,,,,,,,,,,,,,,,,,,,,,,,,,,,,,,,,,,,,,,,,,,,,,,,,,
,,,,,,,,,,,,,,,,,,,,,,,,,,,,,,,,,,,,,,,,,,,,,,,,,,,,,,,
,,,,,,,,,,,,,,,,,,,,,,,,,,,,,,,,,,,,,,,,,,,,,,,,,,,,,,,
,,,,,,,,,,,,,,,,,,,,,,,,,,,,,,,,,,,,,,,,,,,,,,,,,,,,,,,
,,,,,,,,,,,,,,,,,,,,,,,,,,,,,,,,,,,,,,,,,,,,,,,,,,,,,,,
,,,,,,,,,,,,,,,,,,,,,,,,,,,,,,,,,,,,,,,,,,,,,,,,,,,,,,,
,,,,,,,,,,,,,,,,,,,,,,,,,,,,,,,,,,,,,,,,,,,,,,,,,,,,,,,
,,,,,,,,,,,,,,,,,,,,,,,,,,,,,,,,,,,,,,,,,,,,,,,,,,,,,,,
,,,,,,,,,,,,,,,,,,,,,,,,,,,,,,,,,,,,,,,,,,,,,,,,,,,,,,,
,,,,,,,,,,,,,,,,,,,,,,,,,,,,,,,,,,,,,,,,,,,,,,,,,,,,,,,
,,,,,,,,,,,,,,,,,,,,,,,,,,,,,,,,,,,,,,,,,,,,,,,,,,,,,,,
,,,,,,,,,,,,,,,,,,,,,,,,,,,,,,,,,,,,,,,,,,,,,,,,,,,,,,,
,,,,,,,,,,,,,,,,,,,,,,,,,,,,,,,,,,,,,,,,,,,,,,,,,,,,,,,
,,,,,,,,,,,,,,,,,,,,,,,,,,,,,,,,,,,,,,,,,,,,,,,,,,,,,,,
,,,,,,,,,,,,,,,,,,,,,,,,,,,,,,,,,,,,,,,,,,,,,,,,,,,,,,,
,,,,,,,,,,,,,,,,,,,,,,,,,,,,,,,,,,,,,,,,,,,,,,,,,,,,,,,
,,,,,,,,,,,,,,,,,,,,,,,,,,,,,,,,,,,,,,,,,,,,,,,,,,,,,,,
,,,,,,,,,,,,,,,,,,,,,,,,,,,,,,,,,,,,,,,,,,,,,,,,,,,,,,,
,,,,,,,,,,,,,,,,,,,,,,,,,,,,,,,,,,,,,,,,,,,,,,,,,,,,,,,
,,,,,,,,,,,,,,,,,,,,,,,,,,,,,,,,,,,,,,,,,,,,,,,,,,,,,,,
,,,,,,,,,,,,,,,,,,,,,,,,,,,,,,,,,,,,,,,,,,,,,,,,,,,,,,,
,,,,,,,,,,,,,,,,,,,,,,,,,,,,,,,,,,,,,,,,,,,,,,,,,,,,,,,
,,,,,,,,,,,,,,,,,,,,,,,,,,,,,,,,,,,,,,,,,,,,,,,,,,,,,,,
,,,,,,,,,,,,,,,,,,,,,,,,,,,,,,,,,,,,,,,,,,,,,,,,,,,,,,,
,,,,,,,,,,,,,,,,,,,,,,,,,,,,,,,,,,,,,,,,,,,,,,,,,,,,,,,
,,,,,,,,,,,,,,,,,,,,,,,,,,,,,,,,,,,,,,,,,,,,,,,,,,,,,,,
,,,,,,,,,,,,,,,,,,,,,,,,,,,,,,,,,,,,,,,,,,,,,,,,,,,,,,,
,,,,,,,,,,,,,,,,,,,,,,,,,,,,,,,,,,,,,,,,,,,,,,,,,,,,,,,
,,,,,,,,,,,,,,,,,,,,,,,,,,,,,,,,,,,,,,,,,,,,,,,,,,,,,,,
,,,,,,,,,,,,,,,,,,,,,,,,,,,,,,,,,,,,,,,,,,,,,,,,,,,,,,,
,,,,,,,,,,,,,,,,,,,,,,,,,,,,,,,,,,,,,,,,,,,,,,,,,,,,,,,
,,,,,,,,,,,,,,,,,,,,,,,,,,,,,,,,,,,,,,,,,,,,,,,,,,,,,,,
,,,,,,,,,,,,,,,,,,,,,,,,,,,,,,,,,,,,,,,,,,,,,,,,,,,,,,,
,,,,,,,,,,,,,,,,,,,,,,,,,,,,,,,,,,,,,,,,,,,,,,,,,,,,,,,
,,,,,,,,,,,,,,,,,,,,,,,,,,,,,,,,,,,,,,,,,,,,,,,,,,,,,,,
,,,,,,,,,,,,,,,,,,,,,,,,,,,,,,,,,,,,,,,,,,,,,,,,,,,,,,,
,,,,,,,,,,,,,,,,,,,,,,,,,,,,,,,,,,,,,,,,,,,,,,,,,,,,,,,
,,,,,,,,,,,,,,,,,,,,,,,,,,,,,,,,,,,,,,,,,,,,,,,,,,,,,,,
,,,,,,,,,,,,,,,,,,,,,,,,,,,,,,,,,,,,,,,,,,,,,,,,,,,,,,,
,,,,,,,,,,,,,,,,,,,,,,,,,,,,,,,,,,,,,,,,,,,,,,,,,,,,,,,
,,,,,,,,,,,,,,,,,,,,,,,,,,,,,,,,,,,,,,,,,,,,,,,,,,,,,,,
,,,,,,,,,,,,,,,,,,,,,,,,,,,,,,,,,,,,,,,,,,,,,,,,,,,,,,,
,,,,,,,,,,,,,,,,,,,,,,,,,,,,,,,,,,,,,,,,,,,,,,,,,,,,,,,
,,,,,,,,,,,,,,,,,,,,,,,,,,,,,,,,,,,,,,,,,,,,,,,,,,,,,,,
,,,,,,,,,,,,,,,,,,,,,,,,,,,,,,,,,,,,,,,,,,,,,,,,,,,,,,,
,,,,,,,,,,,,,,,,,,,,,,,,,,,,,,,,,,,,,,,,,,,,,,,,,,,,,,,
,,,,,,,,,,,,,,,,,,,,,,,,,,,,,,,,,,,,,,,,,,,,,,,,,,,,,,,
,,,,,,,,,,,,,,,,,,,,,,,,,,,,,,,,,,,,,,,,,,,,,,,,,,,,,,,
,,,,,,,,,,,,,,,,,,,,,,,,,,,,,,,,,,,,,,,,,,,,,,,,,,,,,,,
,,,,,,,,,,,,,,,,,,,,,,,,,,,,,,,,,,,,,,,,,,,,,,,,,,,,,,,
,,,,,,,,,,,,,,,,,,,,,,,,,,,,,,,,,,,,,,,,,,,,,,,,,,,,,,,
,,,,,,,,,,,,,,,,,,,,,,,,,,,,,,,,,,,,,,,,,,,,,,,,,,,,,,,
,,,,,,,,,,,,,,,,,,,,,,,,,,,,,,,,,,,,,,,,,,,,,,,,,,,,,,,
,,,,,,,,,,,,,,,,,,,,,,,,,,,,,,,,,,,,,,,,,,,,,,,,,,,,,,,
,,,,,,,,,,,,,,,,,,,,,,,,,,,,,,,,,,,,,,,,,,,,,,,,,,,,,,,
,,,,,,,,,,,,,,,,,,,,,,,,,,,,,,,,,,,,,,,,,,,,,,,,,,,,,,,
,,,,,,,,,,,,,,,,,,,,,,,,,,,,,,,,,,,,,,,,,,,,,,,,,,,,,,,
,,,,,,,,,,,,,,,,,,,,,,,,,,,,,,,,,,,,,,,,,,,,,,,,,,,,,,,
,,,,,,,,,,,,,,,,,,,,,,,,,,,,,,,,,,,,,,,,,,,,,,,,,,,,,,,
,,,,,,,,,,,,,,,,,,,,,,,,,,,,,,,,,,,,,,,,,,,,,,,,,,,,,,,
,,,,,,,,,,,,,,,,,,,,,,,,,,,,,,,,,,,,,,,,,,,,,,,,,,,,,,,
,,,,,,,,,,,,,,,,,,,,,,,,,,,,,,,,,,,,,,,,,,,,,,,,,,,,,,,
,,,,,,,,,,,,,,,,,,,,,,,,,,,,,,,,,,,,,,,,,,,,,,,,,,,,,,,
,,,,,,,,,,,,,,,,,,,,,,,,,,,,,,,,,,,,,,,,,,,,,,,,,,,,,,,
,,,,,,,,,,,,,,,,,,,,,,,,,,,,,,,,,,,,,,,,,,,,,,,,,,,,,,,
,,,,,,,,,,,,,,,,,,,,,,,,,,,,,,,,,,,,,,,,,,,,,,,,,,,,,,,
,,,,,,,,,,,,,,,,,,,,,,,,,,,,,,,,,,,,,,,,,,,,,,,,,,,,,,,
,,,,,,,,,,,,,,,,,,,,,,,,,,,,,,,,,,,,,,,,,,,,,,,,,,,,,,,
,,,,,,,,,,,,,,,,,,,,,,,,,,,,,,,,,,,,,,,,,,,,,,,,,,,,,,,
,,,,,,,,,,,,,,,,,,,,,,,,,,,,,,,,,,,,,,,,,,,,,,,,,,,,,,,
,,,,,,,,,,,,,,,,,,,,,,,,,,,,,,,,,,,,,,,,,,,,,,,,,,,,,,,
,,,,,,,,,,,,,,,,,,,,,,,,,,,,,,,,,,,,,,,,,,,,,,,,,,,,,,,
,,,,,,,,,,,,,,,,,,,,,,,,,,,,,,,,,,,,,,,,,,,,,,,,,,,,,,,
,,,,,,,,,,,,,,,,,,,,,,,,,,,,,,,,,,,,,,,,,,,,,,,,,,,,,,,
,,,,,,,,,,,,,,,,,,,,,,,,,,,,,,,,,,,,,,,,,,,,,,,,,,,,,,,
,,,,,,,,,,,,,,,,,,,,,,,,,,,,,,,,,,,,,,,,,,,,,,,,,,,,,,,
,,,,,,,,,,,,,,,,,,,,,,,,,,,,,,,,,,,,,,,,,,,,,,,,,,,,,,,
,,,,,,,,,,,,,,,,,,,,,,,,,,,,,,,,,,,,,,,,,,,,,,,,,,,,,,,
,,,,,,,,,,,,,,,,,,,,,,,,,,,,,,,,,,,,,,,,,,,,,,,,,,,,,,,
,,,,,,,,,,,,,,,,,,,,,,,,,,,,,,,,,,,,,,,,,,,,,,,,,,,,,,,
,,,,,,,,,,,,,,,,,,,,,,,,,,,,,,,,,,,,,,,,,,,,,,,,,,,,,,,
,,,,,,,,,,,,,,,,,,,,,,,,,,,,,,,,,,,,,,,,,,,,,,,,,,,,,,,
,,,,,,,,,,,,,,,,,,,,,,,,,,,,,,,,,,,,,,,,,,,,,,,,,,,,,,,
,,,,,,,,,,,,,,,,,,,,,,,,,,,,,,,,,,,,,,,,,,,,,,,,,,,,,,,
,,,,,,,,,,,,,,,,,,,,,,,,,,,,,,,,,,,,,,,,,,,,,,,,,,,,,,,
,,,,,,,,,,,,,,,,,,,,,,,,,,,,,,,,,,,,,,,,,,,,,,,,,,,,,,,
,,,,,,,,,,,,,,,,,,,,,,,,,,,,,,,,,,,,,,,,,,,,,,,,,,,,,,,
,,,,,,,,,,,,,,,,,,,,,,,,,,,,,,,,,,,,,,,,,,,,,,,,,,,,,,,
,,,,,,,,,,,,,,,,,,,,,,,,,,,,,,,,,,,,,,,,,,,,,,,,,,,,,,,
,,,,,,,,,,,,,,,,,,,,,,,,,,,,,,,,,,,,,,,,,,,,,,,,,,,,,,,
,,,,,,,,,,,,,,,,,,,,,,,,,,,,,,,,,,,,,,,,,,,,,,,,,,,,,,,
,,,,,,,,,,,,,,,,,,,,,,,,,,,,,,,,,,,,,,,,,,,,,,,,,,,,,,,
,,,,,,,,,,,,,,,,,,,,,,,,,,,,,,,,,,,,,,,,,,,,,,,,,,,,,,,
,,,,,,,,,,,,,,,,,,,,,,,,,,,,,,,,,,,,,,,,,,,,,,,,,,,,,,,
,,,,,,,,,,,,,,,,,,,,,,,,,,,,,,,,,,,,,,,,,,,,,,,,,,,,,,,
,,,,,,,,,,,,,,,,,,,,,,,,,,,,,,,,,,,,,,,,,,,,,,,,,,,,,,,
,,,,,,,,,,,,,,,,,,,,,,,,,,,,,,,,,,,,,,,,,,,,,,,,,,,,,,,
,,,,,,,,,,,,,,,,,,,,,,,,,,,,,,,,,,,,,,,,,,,,,,,,,,,,,,,
,,,,,,,,,,,,,,,,,,,,,,,,,,,,,,,,,,,,,,,,,,,,,,,,,,,,,,,
,,,,,,,,,,,,,,,,,,,,,,,,,,,,,,,,,,,,,,,,,,,,,,,,,,,,,,,
,,,,,,,,,,,,,,,,,,,,,,,,,,,,,,,,,,,,,,,,,,,,,,,,,,,,,,,
,,,,,,,,,,,,,,,,,,,,,,,,,,,,,,,,,,,,,,,,,,,,,,,,,,,,,,,
,,,,,,,,,,,,,,,,,,,,,,,,,,,,,,,,,,,,,,,,,,,,,,,,,,,,,,,
,,,,,,,,,,,,,,,,,,,,,,,,,,,,,,,,,,,,,,,,,,,,,,,,,,,,,,,
,,,,,,,,,,,,,,,,,,,,,,,,,,,,,,,,,,,,,,,,,,,,,,,,,,,,,,,
,,,,,,,,,,,,,,,,,,,,,,,,,,,,,,,,,,,,,,,,,,,,,,,,,,,,,,,
,,,,,,,,,,,,,,,,,,,,,,,,,,,,,,,,,,,,,,,,,,,,,,,,,,,,,,,
,,,,,,,,,,,,,,,,,,,,,,,,,,,,,,,,,,,,,,,,,,,,,,,,,,,,,,,
,,,,,,,,,,,,,,,,,,,,,,,,,,,,,,,,,,,,,,,,,,,,,,,,,,,,,,,
,,,,,,,,,,,,,,,,,,,,,,,,,,,,,,,,,,,,,,,,,,,,,,,,,,,,,,,
,,,,,,,,,,,,,,,,,,,,,,,,,,,,,,,,,,,,,,,,,,,,,,,,,,,,,,,
,,,,,,,,,,,,,,,,,,,,,,,,,,,,,,,,,,,,,,,,,,,,,,,,,,,,,,,
,,,,,,,,,,,,,,,,,,,,,,,,,,,,,,,,,,,,,,,,,,,,,,,,,,,,,,,
,,,,,,,,,,,,,,,,,,,,,,,,,,,,,,,,,,,,,,,,,,,,,,,,,,,,,,,
,,,,,,,,,,,,,,,,,,,,,,,,,,,,,,,,,,,,,,,,,,,,,,,,,,,,,,,
,,,,,,,,,,,,,,,,,,,,,,,,,,,,,,,,,,,,,,,,,,,,,,,,,,,,,,,
,,,,,,,,,,,,,,,,,,,,,,,,,,,,,,,,,,,,,,,,,,,,,,,,,,,,,,,
,,,,,,,,,,,,,,,,,,,,,,,,,,,,,,,,,,,,,,,,,,,,,,,,,,,,,,,
,,,,,,,,,,,,,,,,,,,,,,,,,,,,,,,,,,,,,,,,,,,,,,,,,,,,,,,
,,,,,,,,,,,,,,,,,,,,,,,,,,,,,,,,,,,,,,,,,,,,,,,,,,,,,,,
,,,,,,,,,,,,,,,,,,,,,,,,,,,,,,,,,,,,,,,,,,,,,,,,,,,,,,,
,,,,,,,,,,,,,,,,,,,,,,,,,,,,,,,,,,,,,,,,,,,,,,,,,,,,,,,
,,,,,,,,,,,,,,,,,,,,,,,,,,,,,,,,,,,,,,,,,,,,,,,,,,,,,,,
,,,,,,,,,,,,,,,,,,,,,,,,,,,,,,,,,,,,,,,,,,,,,,,,,,,,,,,
,,,,,,,,,,,,,,,,,,,,,,,,,,,,,,,,,,,,,,,,,,,,,,,,,,,,,,,
,,,,,,,,,,,,,,,,,,,,,,,,,,,,,,,,,,,,,,,,,,,,,,,,,,,,,,,
,,,,,,,,,,,,,,,,,,,,,,,,,,,,,,,,,,,,,,,,,,,,,,,,,,,,,,,
,,,,,,,,,,,,,,,,,,,,,,,,,,,,,,,,,,,,,,,,,,,,,,,,,,,,,,,
,,,,,,,,,,,,,,,,,,,,,,,,,,,,,,,,,,,,,,,,,,,,,,,,,,,,,,,
,,,,,,,,,,,,,,,,,,,,,,,,,,,,,,,,,,,,,,,,,,,,,,,,,,,,,,,
,,,,,,,,,,,,,,,,,,,,,,,,,,,,,,,,,,,,,,,,,,,,,,,,,,,,,,,
,,,,,,,,,,,,,,,,,,,,,,,,,,,,,,,,,,,,,,,,,,,,,,,,,,,,,,,
,,,,,,,,,,,,,,,,,,,,,,,,,,,,,,,,,,,,,,,,,,,,,,,,,,,,,,,
,,,,,,,,,,,,,,,,,,,,,,,,,,,,,,,,,,,,,,,,,,,,,,,,,,,,,,,
,,,,,,,,,,,,,,,,,,,,,,,,,,,,,,,,,,,,,,,,,,,,,,,,,,,,,,,
,,,,,,,,,,,,,,,,,,,,,,,,,,,,,,,,,,,,,,,,,,,,,,,,,,,,,,,
,,,,,,,,,,,,,,,,,,,,,,,,,,,,,,,,,,,,,,,,,,,,,,,,,,,,,,,
,,,,,,,,,,,,,,,,,,,,,,,,,,,,,,,,,,,,,,,,,,,,,,,,,,,,,,,
,,,,,,,,,,,,,,,,,,,,,,,,,,,,,,,,,,,,,,,,,,,,,,,,,,,,,,,
,,,,,,,,,,,,,,,,,,,,,,,,,,,,,,,,,,,,,,,,,,,,,,,,,,,,,,,
,,,,,,,,,,,,,,,,,,,,,,,,,,,,,,,,,,,,,,,,,,,,,,,,,,,,,,,
,,,,,,,,,,,,,,,,,,,,,,,,,,,,,,,,,,,,,,,,,,,,,,,,,,,,,,,
,,,,,,,,,,,,,,,,,,,,,,,,,,,,,,,,,,,,,,,,,,,,,,,,,,,,,,,
,,,,,,,,,,,,,,,,,,,,,,,,,,,,,,,,,,,,,,,,,,,,,,,,,,,,,,,
,,,,,,,,,,,,,,,,,,,,,,,,,,,,,,,,,,,,,,,,,,,,,,,,,,,,,,,
,,,,,,,,,,,,,,,,,,,,,,,,,,,,,,,,,,,,,,,,,,,,,,,,,,,,,,,
,,,,,,,,,,,,,,,,,,,,,,,,,,,,,,,,,,,,,,,,,,,,,,,,,,,,,,,
,,,,,,,,,,,,,,,,,,,,,,,,,,,,,,,,,,,,,,,,,,,,,,,,,,,,,,,
,,,,,,,,,,,,,,,,,,,,,,,,,,,,,,,,,,,,,,,,,,,,,,,,,,,,,,,
,,,,,,,,,,,,,,,,,,,,,,,,,,,,,,,,,,,,,,,,,,,,,,,,,,,,,,,
,,,,,,,,,,,,,,,,,,,,,,,,,,,,,,,,,,,,,,,,,,,,,,,,,,,,,,,
,,,,,,,,,,,,,,,,,,,,,,,,,,,,,,,,,,,,,,,,,,,,,,,,,,,,,,,
,,,,,,,,,,,,,,,,,,,,,,,,,,,,,,,,,,,,,,,,,,,,,,,,,,,,,,,
,,,,,,,,,,,,,,,,,,,,,,,,,,,,,,,,,,,,,,,,,,,,,,,,,,,,,,,
,,,,,,,,,,,,,,,,,,,,,,,,,,,,,,,,,,,,,,,,,,,,,,,,,,,,,,,
,,,,,,,,,,,,,,,,,,,,,,,,,,,,,,,,,,,,,,,,,,,,,,,,,,,,,,,
,,,,,,,,,,,,,,,,,,,,,,,,,,,,,,,,,,,,,,,,,,,,,,,,,,,,,,,
,,,,,,,,,,,,,,,,,,,,,,,,,,,,,,,,,,,,,,,,,,,,,,,,,,,,,,,
,,,,,,,,,,,,,,,,,,,,,,,,,,,,,,,,,,,,,,,,,,,,,,,,,,,,,,,
,,,,,,,,,,,,,,,,,,,,,,,,,,,,,,,,,,,,,,,,,,,,,,,,,,,,,,,
,,,,,,,,,,,,,,,,,,,,,,,,,,,,,,,,,,,,,,,,,,,,,,,,,,,,,,,
,,,,,,,,,,,,,,,,,,,,,,,,,,,,,,,,,,,,,,,,,,,,,,,,,,,,,,,
